Bamlist,Group,MajorGroup,OriginalGroup,Subgroup,Metacode,Species,Location,Watershed,Sample.ID,Plate,Well,X,Sample.Index..specific.to.well.,Library.Index..specific.to.plate.,Alt..Sample.ID,Sampling.Year,Starting.Material,Tissue.Remaining.,Notes,Longitude,Latitude,cluster,Path,MappedREads
CAGT_ASHF_01_RA.sort.flt.bam,CAGT,CGTC,CAGT,ASHF,CAGT_ASHF_01,California Golden Trout,Above Shaefer,South Fork Kern River,SHF01,Plate_4,C1,Plate_4_C1,AGATCGCA,ACTGAT,A060047KSF,2006,Fin clip,No,NA,NA,NA,California Golden Trout-Above Shaefer,bams/sourced/CAGT_ASHF_01_RA.sort.flt.bam,
CAGT_ASHF_02_RA.sort.flt.bam,CAGT,CGTC,CAGT,ASHF,CAGT_ASHF_02,California Golden Trout,Above Shaefer,South Fork Kern River,SHF02,Plate_4,D1,Plate_4_D1,CCGAAGTA,ACTGAT,A060056KSF,2006,Fin clip,No,NA,NA,NA,California Golden Trout-Above Shaefer,bams/sourced/CAGT_ASHF_02_RA.sort.flt.bam,
CAGT_BSNK_01_RA.sort.flt.bam,CAGT,CGTC,CAGT,BSNK,CAGT_BSNK_01,California Golden Trout,SFK Below Snake Creek,South Fork Kern River,BSC01,Plate_4,E1,Plate_4_E1,GATAGACA,ACTGAT,A060453KSF,2006,Fin clip,No,NA,-118.15293,36.18097,California Golden Trout-SFK Below Snake Creek,bams/sourced/CAGT_BSNK_01_RA.sort.flt.bam,
CAGT_BSNK_02_RA.sort.flt.bam,CAGT,CGTC,CAGT,BSNK,CAGT_BSNK_02,California Golden Trout,SFK Below Snake Creek,South Fork Kern River,BSC02,Plate_4,F1,Plate_4_F1,TATCAGCA,ACTGAT,A060468KSF,2006,Fin clip,No,NA,-118.15293,36.18097,California Golden Trout-SFK Below Snake Creek,bams/sourced/CAGT_BSNK_02_RA.sort.flt.bam,
CAGT_GDHG_01_RA.sort.flt.bam,CAGT,CGTC,CAGT,GDHG,CAGT_GDHG_01,California Golden Trout,Groundhog Creek,Golden Trout Creek,GHC01,Plate_3,C11,Plate_3_C11,CATACCAA,GAGTGG,GHC21,2005,Fin clip,No,NA,NA,NA,California Golden Trout-Groundhog Creek,bams/sourced/CAGT_GDHG_01_RA.sort.flt.bam,
CAGT_GDHG_02_RA.sort.flt.bam,CAGT,CGTC,CAGT,GDHG,CAGT_GDHG_02,California Golden Trout,Groundhog Creek,Golden Trout Creek,GHC02,Plate_3,D11,Plate_3_D11,GACTAGTA,GAGTGG,GHC36,2005,Fin clip,No,NA,NA,NA,California Golden Trout-Groundhog Creek,bams/sourced/CAGT_GDHG_02_RA.sort.flt.bam,
CAGT_LTWY_01_RA.sort.flt.bam,CAGT,CGTC,CAGT,LTWY,CAGT_LTWY_01,California Golden Trout,Little Whitney Creek,Golden Trout Creek,LWH01,Plate_3,E11,Plate_3_E11,GTGTTCTA,GAGTGG,LWC-5-12,2005,Fin clip,No,NA,NA,NA,California Golden Trout-Little Whitney Creek,bams/sourced/CAGT_LTWY_01_RA.sort.flt.bam,
CAGT_LTWY_02_RA.sort.flt.bam,CAGT,CGTC,CAGT,LTWY,CAGT_LTWY_02,California Golden Trout,Little Whitney Creek,Golden Trout Creek,LWH02,Plate_3,F11,Plate_3_F11,AAGGACAC,GAGTGG,LWC-5-33,2005,Fin clip,No,NA,NA,NA,California Golden Trout-Little Whitney Creek,bams/sourced/CAGT_LTWY_02_RA.sort.flt.bam,
CAGT_MBNS_01_RA.sort.flt.bam,CAGT,CGTC,CAGT,MBNS,CAGT_MBNS_01,California Golden Trout,Mouth Barrigan Stringer,Golden Trout Creek,MBS01,Plate_3,G11,Plate_3_G11,CAAGGAGC,GAGTGG,MBS-13-19,2005,Fin clip,No,NA,NA,NA,California Golden Trout-Mouth Barrigan Stringer,bams/sourced/CAGT_MBNS_01_RA.sort.flt.bam,
CAGT_MBNS_02_RA.sort.flt.bam,CAGT,CGTC,CAGT,MBNS,CAGT_MBNS_02,California Golden Trout,Mouth Barrigan Stringer,Golden Trout Creek,MBS02,Plate_3,H11,Plate_3_H11,GATGAATC,GAGTGG,MBS-13-38,2005,Fin clip,No,NA,NA,NA,California Golden Trout-Mouth Barrigan Stringer,bams/sourced/CAGT_MBNS_02_RA.sort.flt.bam,
CAGT_MLKY_01_RA.sort.flt.bam,CAGT,CGTC,CAGT,MLKY,CAGT_MLKY_01,California Golden Trout,Mulkey Creek,South Fork Kern River,MLK01,Plate_3,C12,Plate_3_C12,CCAGTTCA,GAGTGG,MLK14,2009,Fin clip,Yes,NA,NA,NA,California Golden Trout-Mulkey Creek,bams/sourced/CAGT_MLKY_01_RA.sort.flt.bam,
CAGT_MLKY_02_RA.sort.flt.bam,CAGT,CGTC,CAGT,MLKY,CAGT_MLKY_02,California Golden Trout,Mulkey Creek,South Fork Kern River,MLK02,Plate_3,D12,Plate_3_D12,GAGCTGAA,GAGTGG,MLK36,2009,Fin clip,Yes,NA,NA,NA,California Golden Trout-Mulkey Creek,bams/sourced/CAGT_MLKY_02_RA.sort.flt.bam,
CAGT_RMSB_01_RA.sort.flt.bam,CAGT,CGTC,CAGT,RMSB,CAGT_RMSB_01,California Golden Trout,Above Ramshaw Barrier,South Fork Kern River,RMS01,Plate_3,E12,Plate_3_E12,TAGGATGA,GAGTGG,A060373KSF,2006,Fin clip,Yes,NA,-118.28153,36.3617,California Golden Trout-Above Ramshaw Barrier,bams/sourced/CAGT_RMSB_01_RA.sort.flt.bam,
CAGT_RMSB_02_RA.sort.flt.bam,CAGT,CGTC,CAGT,RMSB,CAGT_RMSB_02,California Golden Trout,Above Ramshaw Barrier,South Fork Kern River,RMS02,Plate_3,F12,Plate_3_F12,AATCCGTC,GAGTGG,A060393KSF,2006,Fin clip,No,NA,-118.28153,36.3617,California Golden Trout-Above Ramshaw Barrier,bams/sourced/CAGT_RMSB_02_RA.sort.flt.bam,
CAGT_STLC_01_RA.sort.flt.bam,CAGT,CGTC,CAGT,STLC,CAGT_STLC_01,California Golden Trout,Salt Lick Creek,Golden Trout Creek,SLC01,Plate_3,A11,Plate_3_A11,CATCAAGT,GAGTGG,SLC-20-15,2005,Fin clip,No,NA,NA,NA,California Golden Trout-Salt Lick Creek,bams/sourced/CAGT_STLC_01_RA.sort.flt.bam,
CAGT_STLC_02_RA.sort.flt.bam,CAGT,CGTC,CAGT,STLC,CAGT_STLC_02,California Golden Trout,Salt Lick Creek,Golden Trout Creek,SLC02,Plate_3,B11,Plate_3_B11,ACTATGCA,GAGTGG,SLC-20-32,2005,Fin clip,No,NA,NA,NA,California Golden Trout-Salt Lick Creek,bams/sourced/CAGT_STLC_02_RA.sort.flt.bam,
CAGT_TMPB_01_RA.sort.flt.bam,CAGT,CGTC,CAGT,TMPB,CAGT_TMPB_01,California Golden Trout,Above Templeton Barrier,South Fork Kern River,TMP01,Plate_4,A1,Plate_4_A1,ACAAGCTA,ACTGAT,A060250KSF,2006,Fin clip,No,NA,-118.19112,36.32933,California Golden Trout-Above Templeton Barrier,bams/sourced/CAGT_TMPB_01_RA.sort.flt.bam,
CAGT_TMPB_02_RA.sort.flt.bam,CAGT,CGTC,CAGT,TMPB,CAGT_TMPB_02,California Golden Trout,Above Templeton Barrier,South Fork Kern River,TMP02,Plate_4,B1,Plate_4_B1,AACAACCA,ACTGAT,A060271KSF,2006,Fin clip,No,NA,-118.19112,36.32933,California Golden Trout-Above Templeton Barrier,bams/sourced/CAGT_TMPB_02_RA.sort.flt.bam,
CAGT_USFK_01_RA.sort.flt.bam,CAGT,CGTC,CAGT,USFK,CAGT_USFK_01,California Golden Trout,Upper South Fork Kern River,South Fork Kern River,USFK01,Plate_3,A12,Plate_3_A12,AGTGGTCA,GAGTGG,A060333KSF,2006,Fin clip,No,NA,NA,NA,California Golden Trout-Upper South Fork Kern River,bams/sourced/CAGT_USFK_01_RA.sort.flt.bam,
CAGT_USFK_02_RA.sort.flt.bam,CAGT,CGTC,CAGT,USFK,CAGT_USFK_02,California Golden Trout,Upper South Fork Kern River,South Fork Kern River,USFK02,Plate_3,B12,Plate_3_B12,AGAGTCAA,GAGTGG,A060351KSF,2006,Fin clip,No,NA,NA,NA,California Golden Trout-Upper South Fork Kern River,bams/sourced/CAGT_USFK_02_RA.sort.flt.bam,
CAGT_VCLS_01_RA.sort.flt.bam,CAGT,CGTC,CAGT,VCLS,CAGT_VCLS_01,California Golden Trout,Volcano Creek Left Stringer,Golden Trout Creek,VCLS01,Plate_3,G10,Plate_3_G10,ATTGGCTC,GAGTGG,VCLS05_39,2005,Extract,No,NA,NA,NA,California Golden Trout-Volcano Creek Left Stringer,bams/sourced/CAGT_VCLS_01_RA.sort.flt.bam,
CAGT_VCLS_02_RA.sort.flt.bam,CAGT,CGTC,CAGT,VCLS,CAGT_VCLS_02,California Golden Trout,Volcano Creek Left Stringer,Golden Trout Creek,VCLS02,Plate_3,H10,Plate_3_H10,GAGTTAGC,GAGTGG,VCLS05_41,2005,Extract,No,NA,NA,NA,California Golden Trout-Volcano Creek Left Stringer,bams/sourced/CAGT_VCLS_02_RA.sort.flt.bam,
HRNB_COLE_01_RA.sort.flt.bam,HRNB,HRNB,HRNB,COLE,HRNB_COLE_01,Hatchery Rainbow Trout,Coleman Strain,Hatchery - Crystal Hatchery,CS01,Plate_2,C10,Plate_2_C10,CAGCGTTA,GTGGCC,HCH_CS13,2011,Fin clip,Yes,NA,NA,NA,Hatchery Rainbow Trout-Coleman Strain,bams/sourced/HRNB_COLE_01_RA.sort.flt.bam,
HRNB_COLE_02_RA.sort.flt.bam,HRNB,HRNB,HRNB,COLE,HRNB_COLE_02,Hatchery Rainbow Trout,Coleman Strain,Hatchery - Crystal Hatchery,CS02,Plate_2,D10,Plate_2_D10,GAATCTGA,GTGGCC,HCH_CS28,2011,Fin clip,Yes,NA,NA,NA,Hatchery Rainbow Trout-Coleman Strain,bams/sourced/HRNB_COLE_02_RA.sort.flt.bam,
HRNB_COLE_03_RA.sort.flt.bam,HRNB,HRNB,HRNB,COLE,HRNB_COLE_03,Hatchery Rainbow Trout,Coleman Strain,Hatchery - Crystal Hatchery,CS03,Plate_2,E10,Plate_2_E10,GTCTGTCA,GTGGCC,HCH_CS36,2011,Fin clip,Yes,NA,NA,NA,Hatchery Rainbow Trout-Coleman Strain,bams/sourced/HRNB_COLE_03_RA.sort.flt.bam,
HRNB_COLE_04_RA.sort.flt.bam,HRNB,HRNB,HRNB,COLE,HRNB_COLE_04,Hatchery Rainbow Trout,Coleman Strain,Hatchery - Crystal Hatchery,CS04,Plate_2,F10,Plate_2_F10,AAGAGATC,GTGGCC,HCH_CS44,2011,Fin clip,Yes,NA,NA,NA,Hatchery Rainbow Trout-Coleman Strain,bams/sourced/HRNB_COLE_04_RA.sort.flt.bam,
HRNB_COLE_05_RA.sort.flt.bam,HRNB,HRNB,HRNB,COLE,HRNB_COLE_05,Hatchery Rainbow Trout,Coleman Strain,Hatchery - Crystal Hatchery,CS05,Plate_2,G10,Plate_2_G10,ATTGGCTC,GTGGCC,HCH_CS53,2011,Fin clip,Yes,NA,NA,NA,Hatchery Rainbow Trout-Coleman Strain,bams/sourced/HRNB_COLE_05_RA.sort.flt.bam,
HRNB_EGLK_01_RA.sort.flt.bam,EGLK,EGLK,HRNB,EGLK,HRNB_EGLK_01,Hatchery Rainbow Trout,Eagle Lake,Hatchery - Darrah Springs Hatchery,HEGL01,Plate_2,E11,Plate_2_E11,GTGTTCTA,GTGGCC,XO40008DSH,2004,Fin clip,No,NA,NA,NA,Hatchery Rainbow Trout-Eagle Lake,bams/sourced/HRNB_EGLK_01_RA.sort.flt.bam,
HRNB_EGLK_02_RA.sort.flt.bam,EGLK,EGLK,HRNB,EGLK,HRNB_EGLK_02,Hatchery Rainbow Trout,Eagle Lake,Hatchery - Darrah Springs Hatchery,HEGL02,Plate_2,F11,Plate_2_F11,AAGGACAC,GTGGCC,XO40021DSH,2004,Fin clip,No,NA,NA,NA,Hatchery Rainbow Trout-Eagle Lake,bams/sourced/HRNB_EGLK_02_RA.sort.flt.bam,
HRNB_EGLK_03_RA.sort.flt.bam,EGLK,EGLK,HRNB,EGLK,HRNB_EGLK_03,Hatchery Rainbow Trout,Eagle Lake,Hatchery - Darrah Springs Hatchery,HEGL03,Plate_2,G11,Plate_2_G11,CAAGGAGC,GTGGCC,XO40030DSH,2004,Fin clip,No,NA,NA,NA,Hatchery Rainbow Trout-Eagle Lake,bams/sourced/HRNB_EGLK_03_RA.sort.flt.bam,
HRNB_EGLK_04_RA.sort.flt.bam,EGLK,EGLK,HRNB,EGLK,HRNB_EGLK_04,Hatchery Rainbow Trout,Eagle Lake,Hatchery - Darrah Springs Hatchery,HEGL04,Plate_2,H11,Plate_2_H11,GATGAATC,GTGGCC,XO40045DSH,2004,Fin clip,Yes,NA,NA,NA,Hatchery Rainbow Trout-Eagle Lake,bams/sourced/HRNB_EGLK_04_RA.sort.flt.bam,
HRNB_EGLK_05_RA.sort.flt.bam,EGLK,EGLK,HRNB,EGLK,HRNB_EGLK_05,Hatchery Rainbow Trout,Eagle Lake,Hatchery - Darrah Springs Hatchery,HEGL05,Plate_2,A12,Plate_2_A12,AGTGGTCA,GTGGCC,XO40060DSH,2004,Fin clip,Yes,NA,NA,NA,Hatchery Rainbow Trout-Eagle Lake,bams/sourced/HRNB_EGLK_05_RA.sort.flt.bam,
HRNB_HTCS_01_RA.sort.flt.bam,HRNB,HRNB,HRNB,HTCS,HRNB_HTCS_01,Hatchery Rainbow Trout,Hot Creek Strain,Hatchery,HCS01,Plate_2,D8,Plate_2_D8,CTGAGCCA,GTGGCC,HCH06,2011,Fin clip,Yes,NA,NA,NA,Hatchery Rainbow Trout-Hot Creek Strain,bams/sourced/HRNB_HTCS_01_RA.sort.flt.bam,
HRNB_HTCS_02_RA.sort.flt.bam,HRNB,HRNB,HRNB,HTCS,HRNB_HTCS_02,Hatchery Rainbow Trout,Hot Creek Strain,Hatchery,HCS02,Plate_2,E8,Plate_2_E8,GTACGCAA,GTGGCC,HCH18,2011,Fin clip,No,NA,NA,NA,Hatchery Rainbow Trout-Hot Creek Strain,bams/sourced/HRNB_HTCS_02_RA.sort.flt.bam,
HRNB_HTCS_03_RA.sort.flt.bam,HRNB,HRNB,HRNB,HTCS,HRNB_HTCS_03,Hatchery Rainbow Trout,Hot Creek Strain,Hatchery,HCS03,Plate_2,F8,Plate_2_F8,TTCACGCA,GTGGCC,HCH35,2011,Fin clip,Yes,NA,NA,NA,Hatchery Rainbow Trout-Hot Creek Strain,bams/sourced/HRNB_HTCS_03_RA.sort.flt.bam,
HRNB_HTCS_04_RA.sort.flt.bam,HRNB,HRNB,HRNB,HTCS,HRNB_HTCS_04,Hatchery Rainbow Trout,Hot Creek Strain,Hatchery,HCS04,Plate_2,G8,Plate_2_G8,ATAGCGAC,GTGGCC,HCH42,2011,Fin clip,No,NA,NA,NA,Hatchery Rainbow Trout-Hot Creek Strain,bams/sourced/HRNB_HTCS_04_RA.sort.flt.bam,
HRNB_HTCS_05_RA.sort.flt.bam,HRNB,HRNB,HRNB,HTCS,HRNB_HTCS_05,Hatchery Rainbow Trout,Hot Creek Strain,Hatchery,HCS05,Plate_2,H8,Plate_2_H8,GAACAGGC,GTGGCC,HCH50,2011,Fin clip,No,NA,NA,NA,Hatchery Rainbow Trout-Hot Creek Strain,bams/sourced/HRNB_HTCS_05_RA.sort.flt.bam,
HRNB_MTSH_01_RA.sort.flt.bam,HRNB,HRNB,HRNB,MTSH,HRNB_MTSH_01,Hatchery Rainbow Trout,Mt. Shasta Strain,Hatchery,MSH01,Plate_2,F9,Plate_2_F9,ACACGAGA,GTGGCC,MSH02,2002,Fin clip,No,NA,NA,NA,Hatchery Rainbow Trout-Mt. Shasta Strain,bams/sourced/HRNB_MTSH_01_RA.sort.flt.bam,
HRNB_MTSH_02_RA.sort.flt.bam,HRNB,HRNB,HRNB,MTSH,HRNB_MTSH_02,Hatchery Rainbow Trout,Mt. Shasta Strain,Hatchery,MSH02,Plate_2,G9,Plate_2_G9,ACGACAAG,GTGGCC,MSH20,2002,Fin clip,Yes,NA,NA,NA,Hatchery Rainbow Trout-Mt. Shasta Strain,bams/sourced/HRNB_MTSH_02_RA.sort.flt.bam,
HRNB_PITS_01_RA.sort.flt.bam,HRNB,HRNB,HRNB,PITS,HRNB_PITS_01,Hatchery Rainbow Trout,Pit Strain,Hatchery - Crystal Hatchery,PS01,Plate_2,H10,Plate_2_H10,GAGTTAGC,GTGGCC,XO40034CRH,2004,Fin clip,No,NA,NA,NA,Hatchery Rainbow Trout-Pit Strain,bams/sourced/HRNB_PITS_01_RA.sort.flt.bam,
HRNB_PITS_02_RA.sort.flt.bam,HRNB,HRNB,HRNB,PITS,HRNB_PITS_02,Hatchery Rainbow Trout,Pit Strain,Hatchery - Crystal Hatchery,PS02,Plate_2,A11,Plate_2_A11,CATCAAGT,GTGGCC,XO40039CRH,2004,Fin clip,No,NA,NA,NA,Hatchery Rainbow Trout-Pit Strain,bams/sourced/HRNB_PITS_02_RA.sort.flt.bam,
HRNB_PITS_03_RA.sort.flt.bam,HRNB,HRNB,HRNB,PITS,HRNB_PITS_03,Hatchery Rainbow Trout,Pit Strain,Hatchery - Crystal Hatchery,PS03,Plate_2,B11,Plate_2_B11,ACTATGCA,GTGGCC,XO40044CRH,2004,Fin clip,No,NA,NA,NA,Hatchery Rainbow Trout-Pit Strain,bams/sourced/HRNB_PITS_03_RA.sort.flt.bam,
HRNB_PITS_04_RA.sort.flt.bam,HRNB,HRNB,HRNB,PITS,HRNB_PITS_04,Hatchery Rainbow Trout,Pit Strain,Hatchery - Crystal Hatchery,PS04,Plate_2,C11,Plate_2_C11,CATACCAA,GTGGCC,XO40048CRH,2004,Fin clip,No,NA,NA,NA,Hatchery Rainbow Trout-Pit Strain,bams/sourced/HRNB_PITS_04_RA.sort.flt.bam,
HRNB_PITS_05_RA.sort.flt.bam,HRNB,HRNB,HRNB,PITS,HRNB_PITS_05,Hatchery Rainbow Trout,Pit Strain,Hatchery - Crystal Hatchery,PS05,Plate_2,D11,Plate_2_D11,GACTAGTA,GTGGCC,XO40050CRH,2004,Fin clip,No,NA,NA,NA,Hatchery Rainbow Trout-Pit Strain,bams/sourced/HRNB_PITS_05_RA.sort.flt.bam,
KRNB_CHGC_01_RA.sort.flt.bam,KRRT,CGTC,KRRT,CHGC,KRNB_CHGC_01,Kern River Rainbow Trout,Chagoopa Creek,Kern River,CHGC01,Plate_4,A5,Plate_4_A5,AACGTGAT,ACTGAT,CGF_05,2007,Extract (2009),No,NA,-118.4447,36.47844,Kern River Rainbow Trout-Chagoopa Creek,bams/sourced/KRNB_CHGC_01_RA.sort.flt.bam,
KRNB_CHGC_02_RA.sort.flt.bam,KRRT,CGTC,KRRT,CHGC,KRNB_CHGC_02,Kern River Rainbow Trout,Chagoopa Creek,Kern River,CHGC02,Plate_3,G12,Plate_3_G12,CACCTTAC,GAGTGG,CGF_14,2007,Extract (2009),N/A,NA,-118.4447,36.47844,Kern River Rainbow Trout-Chagoopa Creek,bams/sourced/KRNB_CHGC_02_RA.sort.flt.bam,
KRNB_CHGL_01_RA.sort.flt.bam,KRRT,CGTC,KRRT,CHGL,KRNB_CHGL_01,Kern River Rainbow Trout,Chagoopa Lake,Kern River,CHGL01,Plate_4,C5,Plate_4_C5,ATTGAGGA,ACTGAT,CGL_18,2007,Extract (2009),No,NA,-118.44755,36.51211,Kern River Rainbow Trout-Chagoopa Lake,bams/sourced/KRNB_CHGL_01_RA.sort.flt.bam,
KRNB_CHGL_02_RA.sort.flt.bam,KRRT,CGTC,KRRT,CHGL,KRNB_CHGL_02,Kern River Rainbow Trout,Chagoopa Lake,Kern River,CHGL02,Plate_4,D5,Plate_4_D5,CGACTGGA,ACTGAT,CGL_38,2007,Extract (2009),No,NA,-118.44755,36.51211,Kern River Rainbow Trout-Chagoopa Lake,bams/sourced/KRNB_CHGL_02_RA.sort.flt.bam,
KRNB_KKWC_01_RA.sort.flt.bam,KRRT,CGTC,KRRT,KKWC,KRNB_KKWC_01,Kern River Rainbow Trout,Kern-Kaweah Creek,Kern River,KKC02,Plate_4,B5,Plate_4_B5,AAGGTACA,ACTGAT,KKC19,2007,Fin clip,No,NA,NA,NA,Kern River Rainbow Trout-Kern-Kaweah Creek,bams/sourced/KRNB_KKWC_01_RA.sort.flt.bam,
KRNB_NLKN_01_RA.sort.flt.bam,KRRT,CGTC,KRRT,NLKN,KRNB_NLKN_01,Kern River Rainbow Trout,Nine Lakes North,UNKNOWN,NLN01,Plate_4,G4,Plate_4_G4,AGATGTAC,ACTGAT,9LN-16,2007,Fin clip,No,NA,NA,NA,Kern River Rainbow Trout-Nine Lakes North,bams/sourced/KRNB_NLKN_01_RA.sort.flt.bam,
KRNB_PIKT_02_RA.sort.flt.bam,KRRT,CGTC,KRRT,PIKT,KRNB_PIKT_02,Kern River Rainbow Trout,Picket Creek,Kern River,PIK02,Plate_4,G5,Plate_4_G5,AGCACCTC,ACTGAT,PC-08,2007,Fin clip,No,NA,NA,NA,Kern River Rainbow Trout-Picket Creek,bams/sourced/KRNB_PIKT_02_RA.sort.flt.bam,
KRNB_UCHG_01_RA.sort.flt.bam,KRRT,CGTC,KRRT,UCHG,KRNB_UCHG_01,Kern River Rainbow Trout,Upper Chagoopa Creek,Kern River,UCC01,Plate_4,E5,Plate_4_E5,GCTCGGTA,ACTGAT,CGU_12,2007,Extract (2009),No,NA,-118.4559,36.498,Kern River Rainbow Trout-Upper Chagoopa Creek,bams/sourced/KRNB_UCHG_01_RA.sort.flt.bam,
KRNB_UCHG_02_RA.sort.flt.bam,KRRT,CGTC,KRRT,UCHG,KRNB_UCHG_02,Kern River Rainbow Trout,Upper Chagoopa Creek,Kern River,UCC02,Plate_3,H12,Plate_3_H12,GCCAAGAC,GAGTGG,CGU_35,2007,Extract (2009),N/A,NA,-118.4559,36.498,Kern River Rainbow Trout-Upper Chagoopa Creek,bams/sourced/KRNB_UCHG_02_RA.sort.flt.bam,
LKGT_FISH_01_RA.sort.flt.bam,LKGT,CGTC,LKGT,FISH,LKGT_FISH_01,Little Kern Golden Trout,Fish Creek,UNKNOWN,FISH01,Plate_4,E2,Plate_4_E2,GCCACATA,ACTGAT,FISH19,2011,Fin clip,No,NA,NA,NA,Little Kern Golden Trout-Fish Creek,bams/sourced/LKGT_FISH_01_RA.sort.flt.bam,
LKGT_FISH_02_RA.sort.flt.bam,LKGT,CGTC,LKGT,FISH,LKGT_FISH_02,Little Kern Golden Trout,Fish Creek,UNKNOWN,FISH02,Plate_4,F2,Plate_4_F2,TCCGTCTA,ACTGAT,FISH40,2011,Fin clip,No,NA,NA,NA,Little Kern Golden Trout-Fish Creek,bams/sourced/LKGT_FISH_02_RA.sort.flt.bam,
LKGT_KKWC_01_RA.sort.flt.bam,LKGT,CGTC,LKGT,KKWC,LKGT_KKWC_01,Little Kern Golden Trout,Kern-Kaweah Creek,Kern River,KKC01,Plate_4,H2,Plate_4_H2,CCGACAAC,ACTGAT,KKC07,2007,Fin clip,No,NA,NA,NA,Little Kern Golden Trout-Kern-Kaweah Creek,bams/sourced/LKGT_KKWC_01_RA.sort.flt.bam,
LKGT_LION_01_RA.sort.flt.bam,LKGT,CGTC,LKGT,LION,LKGT_LION_01,Little Kern Golden Trout,Lion Creek,UNKNOWN,LIO01,Plate_4,G3,Plate_4_G3,ACAGATTC,ACTGAT,LIO12,2006,Fin clip,No,NA,NA,NA,Little Kern Golden Trout-Lion Creek,bams/sourced/LKGT_LION_01_RA.sort.flt.bam,
LKGT_LION_02_RA.sort.flt.bam,LKGT,CGTC,LKGT,LION,LKGT_LION_02,Little Kern Golden Trout,Lion Creek,UNKNOWN,LIO02,Plate_4,H3,Plate_4_H3,AGTCAAGC,ACTGAT,LIO35,2006,Fin clip,No,NA,NA,NA,Little Kern Golden Trout-Lion Creek,bams/sourced/LKGT_LION_02_RA.sort.flt.bam,
LKGT_RIFL_01_RA.sort.flt.bam,LKGT,CGTC,LKGT,RIFL,LKGT_RIFL_01,Little Kern Golden Trout,Rifle Creek,UNKNOWN,RIF01,Plate_4,C3,Plate_4_C3,AGTCACTA,ACTGAT,RFC-21,2006,Fin clip,No,NA,NA,NA,Little Kern Golden Trout-Rifle Creek,bams/sourced/LKGT_RIFL_01_RA.sort.flt.bam,
LKGT_RIFL_02_RA.sort.flt.bam,LKGT,CGTC,LKGT,RIFL,LKGT_RIFL_02,Little Kern Golden Trout,Rifle Creek,UNKNOWN,RIF02,Plate_4,D3,Plate_4_D3,CCTCCTGA,ACTGAT,RFC-32,2006,Fin clip,No,NA,NA,NA,Little Kern Golden Trout-Rifle Creek,bams/sourced/LKGT_RIFL_02_RA.sort.flt.bam,
LKGT_SHPC_02_RA.sort.flt.bam,LKGT,CGTC,LKGT,SHPC,LKGT_SHPC_02,Little Kern Golden Trout,Sheep Creek,UNKNOWN,SHE02,Plate_4,F3,Plate_4_F3,TCTTCACA,ACTGAT,A010110LKR,2001,Fin clip,No,NA,-118.29974,36.16682,Little Kern Golden Trout-Sheep Creek,bams/sourced/LKGT_SHPC_02_RA.sort.flt.bam,
LKGT_SILV_01_RA.sort.flt.bam,LKGT,CGTC,LKGT,SILV,LKGT_SILV_01,Little Kern Golden Trout,Silver Lake,UNKNOWN,SIL01,Plate_4,A3,Plate_4_A3,ACATTGGC,ACTGAT,SIL08,2007,Fin clip,No,NA,NA,NA,Little Kern Golden Trout-Silver Lake,bams/sourced/LKGT_SILV_01_RA.sort.flt.bam,
LKGT_SILV_02_RA.sort.flt.bam,LKGT,CGTC,LKGT,SILV,LKGT_SILV_02,Little Kern Golden Trout,Silver Lake,UNKNOWN,SIL02,Plate_4,B3,Plate_4_B3,AACGCTTA,ACTGAT,SIL19,2007,Fin clip,No,NA,NA,NA,Little Kern Golden Trout-Silver Lake,bams/sourced/LKGT_SILV_02_RA.sort.flt.bam,
LKGT_SMNT_01_RA.sort.flt.bam,LKGT,CGTC,LKGT,SMNT,LKGT_SMNT_01,Little Kern Golden Trout,South Mountaineer Creek,UNKNOWN,SMC01,Plate_4,E4,Plate_4_E4,GCTAACGA,ACTGAT,SMC-3-23,2006,Fin clip,No,NA,NA,NA,Little Kern Golden Trout-South Mountaineer Creek,bams/sourced/LKGT_SMNT_01_RA.sort.flt.bam,
LKGT_SMNT_02_RA.sort.flt.bam,LKGT,CGTC,LKGT,SMNT,LKGT_SMNT_02,Little Kern Golden Trout,South Mountaineer Creek,UNKNOWN,SMC02,Plate_4,F4,Plate_4_F4,TGAAGAGA,ACTGAT,SMC-3-36,2006,Fin clip,No,NA,NA,NA,Little Kern Golden Trout-South Mountaineer Creek,bams/sourced/LKGT_SMNT_02_RA.sort.flt.bam,
LKGT_TAMK_01_RA.sort.flt.bam,LKGT,CGTC,LKGT,TAMK,LKGT_TAMK_01,Little Kern Golden Trout,Tamarack Creek,UNKNOWN,TMK01,Plate_4,C4,Plate_4_C4,ATCCTGTA,ACTGAT,TMK16,2006,Fin clip,No,NA,NA,NA,Little Kern Golden Trout-Tamarack Creek,bams/sourced/LKGT_TAMK_01_RA.sort.flt.bam,
LKGT_TAMK_02_RA.sort.flt.bam,LKGT,CGTC,LKGT,TAMK,LKGT_TAMK_02,Little Kern Golden Trout,Tamarack Creek,UNKNOWN,TMK02,Plate_4,D4,Plate_4_D4,CGAACTTA,ACTGAT,TMK27,2006,Fin clip,No,NA,NA,NA,Little Kern Golden Trout-Tamarack Creek,bams/sourced/LKGT_TAMK_02_RA.sort.flt.bam,
LKGT_USSC_02_RA.sort.flt.bam,LKGT,CGTC,LKGT,USSC,LKGT_USSC_02,Little Kern Golden Trout,Upper Soda Spring Creek,UNKNOWN,USS02,Plate_2,G12,Plate_2_G12,CACCTTAC,GTGGCC,A020158LKR,2002,Fin clip,No,NA,NA,NA,Little Kern Golden Trout-Upper Soda Spring Creek,bams/sourced/LKGT_USSC_02_RA.sort.flt.bam,
LKGT_UWLC_01_RA.sort.flt.bam,LKGT,CGTC,LKGT,UWLC,LKGT_UWLC_01,Little Kern Golden Trout,Upper Willow Creek,UNKNOWN,UWC01,Plate_4,A4,Plate_4_A4,ACCACTGT,ACTGAT,UWC02,2011,Fin clip,No,NA,-118.50044,36.28728,Little Kern Golden Trout-Upper Willow Creek,bams/sourced/LKGT_UWLC_01_RA.sort.flt.bam,
LKGT_UWLC_02_RA.sort.flt.bam,LKGT,CGTC,LKGT,UWLC,LKGT_UWLC_02,Little Kern Golden Trout,Upper Willow Creek,UNKNOWN,UWC02,Plate_4,B4,Plate_4_B4,AAGACGGA,ACTGAT,UWC06,2011,Fin clip,No,NA,-118.50044,36.28728,Little Kern Golden Trout-Upper Willow Creek,bams/sourced/LKGT_UWLC_02_RA.sort.flt.bam,
LKGT_UWMC_01_RA.sort.flt.bam,LKGT,CGTC,LKGT,UWMC,LKGT_UWMC_01,Little Kern Golden Trout,Upper Wet Meadow Creek,UNKNOWN,UWMC01,Plate_2,H12,Plate_2_H12,GCCAAGAC,GTGGCC,A020095LKR,2002,Fin clip,No,NA,NA,NA,Little Kern Golden Trout-Upper Wet Meadow Creek,bams/sourced/LKGT_UWMC_01_RA.sort.flt.bam,
RAIN_EGLK_01_RA.sort.flt.bam,EGLK,EGLK,RAIN,EGLK,RAIN_EGLK_01,Rainbow Trout,Eagle Lake,Eagle Lake,EGL01,Plate_2,B7,Plate_2_B7,ACAGCAGA,GTGGCC,ELRT15,2009,Fin clip,No,NA,NA,NA,Rainbow Trout-Eagle Lake,bams/sourced/RAIN_EGLK_01_RA.sort.flt.bam,
RAIN_EGLK_02_RA.sort.flt.bam,EGLK,EGLK,RAIN,EGLK,RAIN_EGLK_02,Rainbow Trout,Eagle Lake,Eagle Lake,EGL02,Plate_2,C7,Plate_2_C7,CAAGACTA,GTGGCC,ELRT38,2009,Fin clip,No,NA,NA,NA,Rainbow Trout-Eagle Lake,bams/sourced/RAIN_EGLK_02_RA.sort.flt.bam,
RAIN_EGLK_03_RA.sort.flt.bam,EGLK,EGLK,RAIN,EGLK,RAIN_EGLK_03,Rainbow Trout,Eagle Lake,Eagle Lake,EGL03,Plate_2,D7,Plate_2_D7,CTCAATGA,GTGGCC,ELRT66,2009,Fin clip,Yes,NA,NA,NA,Rainbow Trout-Eagle Lake,bams/sourced/RAIN_EGLK_03_RA.sort.flt.bam,
RAIN_EGLK_04_RA.sort.flt.bam,EGLK,EGLK,RAIN,EGLK,RAIN_EGLK_04,Rainbow Trout,Eagle Lake,Eagle Lake,EGL04,Plate_2,E7,Plate_2_E7,GGTGCGAA,GTGGCC,ELRT79,2009,Fin clip,Yes,NA,NA,NA,Rainbow Trout-Eagle Lake,bams/sourced/RAIN_EGLK_04_RA.sort.flt.bam,
RAIN_EGLK_05_RA.sort.flt.bam,EGLK,EGLK,RAIN,EGLK,RAIN_EGLK_05,Rainbow Trout,Eagle Lake,Eagle Lake,EGL05,Plate_2,F7,Plate_2_F7,TGGTGGTA,GTGGCC,ELRT90,2009,Fin clip,Yes,NA,NA,NA,Rainbow Trout-Eagle Lake,bams/sourced/RAIN_EGLK_05_RA.sort.flt.bam,
RAIN_NFAR_01_RA.sort.flt.bam,CRT,CRT,RAIN,NFAR,RAIN_NFAR_01,Rainbow Trout,North Fork American River,American River,NFAR01,Plate_2,B12,Plate_2_B12,AGAGTCAA,GTGGCC,MO60014AMR,2006,Fin clip,No,Mumford Bar,NA,NA,Rainbow Trout-North Fork American River,bams/sourced/RAIN_NFAR_01_RA.sort.flt.bam,
RAIN_NFAR_02_RA.sort.flt.bam,CRT,CRT,RAIN,NFAR,RAIN_NFAR_02,Rainbow Trout,North Fork American River,American River,NFAR02,Plate_2,C12,Plate_2_C12,CCAGTTCA,GTGGCC,MO60023AMR,2006,Fin clip,No,Mumford Bar,NA,NA,Rainbow Trout-North Fork American River,bams/sourced/RAIN_NFAR_02_RA.sort.flt.bam,
RAIN_NFAR_03_RA.sort.flt.bam,CRT,CRT,RAIN,NFAR,RAIN_NFAR_03,Rainbow Trout,North Fork American River,American River,NFAR03,Plate_2,D12,Plate_2_D12,GAGCTGAA,GTGGCC,MO60044AMR,2006,Fin clip,No,Humbug Bar,NA,NA,Rainbow Trout-North Fork American River,bams/sourced/RAIN_NFAR_03_RA.sort.flt.bam,
RAIN_NFAR_04_RA.sort.flt.bam,CRT,CRT,RAIN,NFAR,RAIN_NFAR_04,Rainbow Trout,North Fork American River,American River,NFAR04,Plate_2,E12,Plate_2_E12,TAGGATGA,GTGGCC,MO60052AMR,2006,Fin clip,No,Humbug Bar,NA,NA,Rainbow Trout-North Fork American River,bams/sourced/RAIN_NFAR_04_RA.sort.flt.bam,
RAIN_NFAR_05_RA.sort.flt.bam,CRT,CRT,RAIN,NFAR,RAIN_NFAR_05,Rainbow Trout,North Fork American River,American River,NFAR05,Plate_2,F12,Plate_2_F12,AATCCGTC,GTGGCC,MO60063AMR,2006,Fin clip,No,Humbug Bar,NA,NA,Rainbow Trout-North Fork American River,bams/sourced/RAIN_NFAR_05_RA.sort.flt.bam,
REDB_BDWL_01_RA.sort.flt.bam,REDB,REDB,REDB,BDWL,REDB_BDWL_01,Redband Trout,Bidwell Creek,Surprise Valley,BDW01,Plate_3,E9,Plate_3_E9,GTCGTAGA,GAGTGG,20090818011,2009,Fin clip,No,Station 1,NA,NA,Redband Trout-Bidwell Creek,bams/sourced/REDB_BDWL_01_RA.sort.flt.bam,
REDB_BDWL_02_RA.sort.flt.bam,REDB,REDB,REDB,BDWL,REDB_BDWL_02,Redband Trout,Bidwell Creek,Surprise Valley,BDW02,Plate_3,F9,Plate_3_F9,ACACGAGA,GAGTGG,20090818024,2009,Fin clip,No,Station 1,NA,NA,Redband Trout-Bidwell Creek,bams/sourced/REDB_BDWL_02_RA.sort.flt.bam,
REDB_BDWL_03_RA.sort.flt.bam,REDB,REDB,REDB,BDWL,REDB_BDWL_03,Redband Trout,Bidwell Creek,Surprise Valley,BDW03,Plate_3,G9,Plate_3_G9,ACGACAAG,GAGTGG,20090818201,2009,Fin clip,No,Station 2,NA,NA,Redband Trout-Bidwell Creek,bams/sourced/REDB_BDWL_03_RA.sort.flt.bam,
REDB_BDWL_04_RA.sort.flt.bam,REDB,REDB,REDB,BDWL,REDB_BDWL_04,Redband Trout,Bidwell Creek,Surprise Valley,BDW04,Plate_3,H9,Plate_3_H9,GACAGTGC,GAGTGG,20090818214,2009,Fin clip,No,Station 2,NA,NA,Redband Trout-Bidwell Creek,bams/sourced/REDB_BDWL_04_RA.sort.flt.bam,
REDB_BDWL_05_RA.sort.flt.bam,REDB,REDB,REDB,BDWL,REDB_BDWL_05,Redband Trout,Bidwell Creek,Surprise Valley,BDW05,Plate_3,A10,Plate_3_A10,AGTACAAG,GAGTGG,20090818228,2009,Fin clip,No,Station 2,NA,NA,Redband Trout-Bidwell Creek,bams/sourced/REDB_BDWL_05_RA.sort.flt.bam,
REDB_BLHN_01_RA.sort.flt.bam,MRRB,MRRB,REDB,BLHN,REDB_BLHN_01,Redband Trout,Blue Heron Creek,Upper McCloud River,BLH01,Plate_1,C5,Plate_1_C5,ATTGAGGA,GTCCGC,2.01E+14,2008,Fin clip,No,Station 1,NA,NA,Redband Trout-Blue Heron Creek,bams/sourced/REDB_BLHN_01_RA.sort.flt.bam,
REDB_BLHN_02_RA.sort.flt.bam,MRRB,MRRB,REDB,BLHN,REDB_BLHN_02,Redband Trout,Blue Heron Creek,Upper McCloud River,BLH02,Plate_1,D5,Plate_1_D5,CGACTGGA,GTCCGC,2.01E+14,2008,Fin clip,No,Station 1,NA,NA,Redband Trout-Blue Heron Creek,bams/sourced/REDB_BLHN_02_RA.sort.flt.bam,
REDB_BLHN_03_RA.sort.flt.bam,MRRB,MRRB,REDB,BLHN,REDB_BLHN_03,Redband Trout,Blue Heron Creek,Upper McCloud River,BLH03,Plate_1,E5,Plate_1_E5,GCTCGGTA,GTCCGC,2.01E+14,2008,Fin clip,No,Station 1,NA,NA,Redband Trout-Blue Heron Creek,bams/sourced/REDB_BLHN_03_RA.sort.flt.bam,
REDB_BLHN_04_RA.sort.flt.bam,MRRB,MRRB,REDB,BLHN,REDB_BLHN_04,Redband Trout,Blue Heron Creek,Upper McCloud River,BLH04,Plate_1,F5,Plate_1_F5,TGGAACAA,GTCCGC,2.01E+14,2008,Fin clip,No,Station 1,NA,NA,Redband Trout-Blue Heron Creek,bams/sourced/REDB_BLHN_04_RA.sort.flt.bam,
REDB_BLHN_05_RA.sort.flt.bam,MRRB,MRRB,REDB,BLHN,REDB_BLHN_05,Redband Trout,Blue Heron Creek,Upper McCloud River,BLH05,Plate_1,G5,Plate_1_G5,AGCACCTC,GTCCGC,2.01E+14,2008,Fin clip,No,Station 1,NA,NA,Redband Trout-Blue Heron Creek,bams/sourced/REDB_BLHN_05_RA.sort.flt.bam,
REDB_BLLC_01_RA.sort.flt.bam,MRRB,MRRB,REDB,BLLC,REDB_BLLC_01,Redband Trout,Bull Creek,Upper McCloud River,BLL01,Plate_1,F1,Plate_1_F1,TATCAGCA,GTCCGC,2.01E+14,2008,Fin clip,Yes,Station 5,NA,NA,Redband Trout-Bull Creek,bams/sourced/REDB_BLLC_01_RA.sort.flt.bam,
REDB_BLLC_02_RA.sort.flt.bam,MRRB,MRRB,REDB,BLLC,REDB_BLLC_02,Redband Trout,Bull Creek,Upper McCloud River,BLL02,Plate_1,G1,Plate_1_G1,AATGTTGC,GTCCGC,2.01E+14,2008,Fin clip,No,Station 6,NA,NA,Redband Trout-Bull Creek,bams/sourced/REDB_BLLC_02_RA.sort.flt.bam,
REDB_BLLC_03_RA.sort.flt.bam,MRRB,MRRB,REDB,BLLC,REDB_BLLC_03,Redband Trout,Bull Creek,Upper McCloud River,BLL03,Plate_1,H1,Plate_1_H1,CCATCCTC,GTCCGC,2.01E+14,2008,Fin clip,No,Station 6,NA,NA,Redband Trout-Bull Creek,bams/sourced/REDB_BLLC_03_RA.sort.flt.bam,
REDB_BLLC_04_RA.sort.flt.bam,MRRB,MRRB,REDB,BLLC,REDB_BLLC_04,Redband Trout,Bull Creek,Upper McCloud River,BLL04,Plate_1,A2,Plate_1_A2,AAACATCG,GTCCGC,2.01E+14,2008,Fin clip,Yes,Station 6,NA,NA,Redband Trout-Bull Creek,bams/sourced/REDB_BLLC_04_RA.sort.flt.bam,
REDB_BLLC_05_RA.sort.flt.bam,MRRB,MRRB,REDB,BLLC,REDB_BLLC_05,Redband Trout,Bull Creek,Upper McCloud River,BLL05,Plate_1,B2,Plate_1_B2,AACCGAGA,GTCCGC,2.01E+14,2008,Fin clip,No,Station 1,NA,NA,Redband Trout-Bull Creek,bams/sourced/REDB_BLLC_05_RA.sort.flt.bam,
REDB_BUCK_01_RA.sort.flt.bam,REDB,REDB,REDB,BUCK,REDB_BUCK_01,Redband Trout,Buck Creek,Goose Lake,BCK01,Plate_2,E3,Plate_2_E3,GCGAGTAA,GTGGCC,20090819001,2009,Fin clip,No,Station 1,NA,NA,Redband Trout-Buck Creek,bams/sourced/REDB_BUCK_01_RA.sort.flt.bam,
REDB_BUCK_02_RA.sort.flt.bam,REDB,REDB,REDB,BUCK,REDB_BUCK_02,Redband Trout,Buck Creek,Goose Lake,BCK02,Plate_2,F3,Plate_2_F3,TCTTCACA,GTGGCC,20090819019,2009,Fin clip,No,Station 2,NA,NA,Redband Trout-Buck Creek,bams/sourced/REDB_BUCK_02_RA.sort.flt.bam,
REDB_BUCK_03_RA.sort.flt.bam,REDB,REDB,REDB,BUCK,REDB_BUCK_03,Redband Trout,Buck Creek,Goose Lake,BCK03,Plate_2,G3,Plate_2_G3,ACAGATTC,GTGGCC,20090819106,2009,Fin clip,No,Station 3,NA,NA,Redband Trout-Buck Creek,bams/sourced/REDB_BUCK_03_RA.sort.flt.bam,
REDB_BUCK_04_RA.sort.flt.bam,REDB,REDB,REDB,BUCK,REDB_BUCK_04,Redband Trout,Buck Creek,Goose Lake,BCK04,Plate_2,H3,Plate_2_H3,AGTCAAGC,GTGGCC,20090819107,2009,Fin clip,No,Station 3,NA,NA,Redband Trout-Buck Creek,bams/sourced/REDB_BUCK_04_RA.sort.flt.bam,
REDB_BUCK_05_RA.sort.flt.bam,REDB,REDB,REDB,BUCK,REDB_BUCK_05,Redband Trout,Buck Creek,Goose Lake,BCK05,Plate_2,A4,Plate_2_A4,ACCACTGT,GTGGCC,20090819110,2009,Fin clip,No,Station 3,NA,NA,Redband Trout-Buck Creek,bams/sourced/REDB_BUCK_05_RA.sort.flt.bam,
REDB_CEDR_01_RA.sort.flt.bam,REDB,REDB,REDB,CEDR,REDB_CEDR_01,Redband Trout,Cedar Creek,Surprise Valley,CED01,Plate_2,F1,Plate_2_F1,TATCAGCA,GTGGCC,XO30013CDR,2003,Fin clip,No,NA,-120.2282557,41.5354104,Redband Trout-Cedar Creek,bams/sourced/REDB_CEDR_01_RA.sort.flt.bam,
REDB_CEDR_02_RA.sort.flt.bam,REDB,REDB,REDB,CEDR,REDB_CEDR_02,Redband Trout,Cedar Creek,Surprise Valley,CED02,Plate_2,G1,Plate_2_G1,AATGTTGC,GTGGCC,XO30029CDR,2003,Fin clip,No,NA,-120.2282557,41.5354104,Redband Trout-Cedar Creek,bams/sourced/REDB_CEDR_02_RA.sort.flt.bam,
REDB_CEDR_03_RA.sort.flt.bam,REDB,REDB,REDB,CEDR,REDB_CEDR_03,Redband Trout,Cedar Creek,Surprise Valley,CED03,Plate_2,H1,Plate_2_H1,CCATCCTC,GTGGCC,XO30039CDR,2003,Fin clip,No,NA,-120.2282557,41.5354104,Redband Trout-Cedar Creek,bams/sourced/REDB_CEDR_03_RA.sort.flt.bam,
REDB_CEDR_04_RA.sort.flt.bam,REDB,REDB,REDB,CEDR,REDB_CEDR_04,Redband Trout,Cedar Creek,Surprise Valley,CED04,Plate_2,A2,Plate_2_A2,AAACATCG,GTGGCC,XO30054CDR,2003,Fin clip,No,NA,-120.2282557,41.5354104,Redband Trout-Cedar Creek,bams/sourced/REDB_CEDR_04_RA.sort.flt.bam,
REDB_CEDR_05_RA.sort.flt.bam,REDB,REDB,REDB,CEDR,REDB_CEDR_05,Redband Trout,Cedar Creek,Surprise Valley,CED05,Plate_2,B2,Plate_2_B2,AACCGAGA,GTGGCC,XO30069CDR,2003,Fin clip,No,NA,-120.2282557,41.5354104,Redband Trout-Cedar Creek,bams/sourced/REDB_CEDR_05_RA.sort.flt.bam,
REDB_COUC_01_RA.sort.flt.bam,REDB,REDB,REDB,COUC,REDB_COUC_01,Redband Trout,Couch Creek,Upper Pit River,COU01,Plate_3,C8,Plate_3_C8,CAATGGAA,GAGTGG,XO30012COU,2003,Fin clip,No,NA,-120.3344684,41.6142677,Redband Trout-Couch Creek,bams/sourced/REDB_COUC_01_RA.sort.flt.bam,
REDB_COUC_02_RA.sort.flt.bam,REDB,REDB,REDB,COUC,REDB_COUC_02,Redband Trout,Couch Creek,Upper Pit River,COU02,Plate_3,D8,Plate_3_D8,CTGAGCCA,GAGTGG,XO30026COU,2003,Fin clip,No,NA,-120.3344684,41.6142677,Redband Trout-Couch Creek,bams/sourced/REDB_COUC_02_RA.sort.flt.bam,
REDB_COUC_04_RA.sort.flt.bam,REDB,REDB,REDB,COUC,REDB_COUC_04,Redband Trout,Couch Creek,Upper Pit River,COU04,Plate_3,F8,Plate_3_F8,TTCACGCA,GAGTGG,XO30053COU,2003,Fin clip,No,NA,-120.3344684,41.6142677,Redband Trout-Couch Creek,bams/sourced/REDB_COUC_04_RA.sort.flt.bam,
REDB_COWC_01_RA.sort.flt.bam,MRRB,MRRB,REDB,COWC,REDB_COWC_01,Redband Trout,Cow Creek,Upper McCloud River,COW01,Plate_3,H2,Plate_3_H2,CCGACAAC,GAGTGG,2.01E+14,2007,Fin clip,No,Station 1,NA,NA,Redband Trout-Cow Creek,bams/sourced/REDB_COWC_01_RA.sort.flt.bam,
REDB_COWC_02_RA.sort.flt.bam,MRRB,MRRB,REDB,COWC,REDB_COWC_02,Redband Trout,Cow Creek,Upper McCloud River,COW02,Plate_3,A3,Plate_3_A3,ACATTGGC,GAGTGG,2.01E+14,2007,Fin clip,No,Station 1,NA,NA,Redband Trout-Cow Creek,bams/sourced/REDB_COWC_02_RA.sort.flt.bam,
REDB_COWC_03_RA.sort.flt.bam,MRRB,MRRB,REDB,COWC,REDB_COWC_03,Redband Trout,Cow Creek,Upper McCloud River,COW03,Plate_3,B3,Plate_3_B3,AACGCTTA,GAGTGG,2.01E+14,2007,Fin clip,No,Station 1,NA,NA,Redband Trout-Cow Creek,bams/sourced/REDB_COWC_03_RA.sort.flt.bam,
REDB_CTWD_01_RA.sort.flt.bam,REDB,REDB,REDB,CTWD,REDB_CTWD_01,Redband Trout,Cottonwood Creek,Goose Lake,CTW01,Plate_2,H2,Plate_2_H2,CCGACAAC,GTGGCC,XO40008CTW,2004,Fin clip,No,NA,-120.29138,41.94813,Redband Trout-Cottonwood Creek,bams/sourced/REDB_CTWD_01_RA.sort.flt.bam,
REDB_CTWD_02_RA.sort.flt.bam,REDB,REDB,REDB,CTWD,REDB_CTWD_02,Redband Trout,Cottonwood Creek,Goose Lake,CTW02,Plate_2,A3,Plate_2_A3,ACATTGGC,GTGGCC,XO40013CTW,2004,Fin clip,No,NA,-120.29138,41.94813,Redband Trout-Cottonwood Creek,bams/sourced/REDB_CTWD_02_RA.sort.flt.bam,
REDB_CTWD_03_RA.sort.flt.bam,REDB,REDB,REDB,CTWD,REDB_CTWD_03,Redband Trout,Cottonwood Creek,Goose Lake,CTW03,Plate_2,B3,Plate_2_B3,AACGCTTA,GTGGCC,XO40034CTW,2004,Fin clip,No,NA,-120.29138,41.94813,Redband Trout-Cottonwood Creek,bams/sourced/REDB_CTWD_03_RA.sort.flt.bam,
REDB_CTWD_04_RA.sort.flt.bam,REDB,REDB,REDB,CTWD,REDB_CTWD_04,Redband Trout,Cottonwood Creek,Goose Lake,CTW04,Plate_2,C3,Plate_2_C3,AGTCACTA,GTGGCC,XO40045CTW,2004,Fin clip,No,NA,-120.29138,41.94813,Redband Trout-Cottonwood Creek,bams/sourced/REDB_CTWD_04_RA.sort.flt.bam,
REDB_CTWD_05_RA.sort.flt.bam,REDB,REDB,REDB,CTWD,REDB_CTWD_05,Redband Trout,Cottonwood Creek,Goose Lake,CTW05,Plate_2,D3,Plate_2_D3,CCTCCTGA,GTGGCC,XO40056CTW,2004,Fin clip,No,NA,-120.29138,41.94813,Redband Trout-Cottonwood Creek,bams/sourced/REDB_CTWD_05_RA.sort.flt.bam,
REDB_DEEP_01_RA.sort.flt.bam,REDB,REDB,REDB,DEEP,REDB_DEEP_01,Redband Trout,Deep Creek,Surprise Valley,DEP01,Plate_3,A4,Plate_3_A4,ACCACTGT,GAGTGG,20090901104,2009,Fin clip,No,"South Fork, Station 2",NA,NA,Redband Trout-Deep Creek,bams/sourced/REDB_DEEP_01_RA.sort.flt.bam,
REDB_DEEP_02_RA.sort.flt.bam,REDB,REDB,REDB,DEEP,REDB_DEEP_02,Redband Trout,Deep Creek,Surprise Valley,DEP02,Plate_3,B4,Plate_3_B4,AAGACGGA,GAGTGG,20090901111,2009,Fin clip,No,"South Fork, Station 2",NA,NA,Redband Trout-Deep Creek,bams/sourced/REDB_DEEP_02_RA.sort.flt.bam,
REDB_DEEP_03_RA.sort.flt.bam,REDB,REDB,REDB,DEEP,REDB_DEEP_03,Redband Trout,Deep Creek,Surprise Valley,DEP03,Plate_3,C4,Plate_3_C4,ATCCTGTA,GAGTGG,20091901211,2009,Fin clip,No,"South Fork, Station 1",NA,NA,Redband Trout-Deep Creek,bams/sourced/REDB_DEEP_03_RA.sort.flt.bam,
REDB_DEEP_04_RA.sort.flt.bam,REDB,REDB,REDB,DEEP,REDB_DEEP_04,Redband Trout,Deep Creek,Surprise Valley,DEP04,Plate_3,D4,Plate_3_D4,CGAACTTA,GAGTGG,20091901221,2009,Fin clip,No,"South Fork, Station 1",NA,NA,Redband Trout-Deep Creek,bams/sourced/REDB_DEEP_04_RA.sort.flt.bam,
REDB_DEEP_05_RA.sort.flt.bam,REDB,REDB,REDB,DEEP,REDB_DEEP_05,Redband Trout,Deep Creek,Surprise Valley,DEP05,Plate_3,E4,Plate_3_E4,GCTAACGA,GAGTGG,20091901230,2009,Fin clip,No,"South Fork, Station 1",NA,NA,Redband Trout-Deep Creek,bams/sourced/REDB_DEEP_05_RA.sort.flt.bam,
REDB_DISM_01_RA.sort.flt.bam,REDB,REDB,REDB,DISM,REDB_DISM_01,Redband Trout,Dismal Creek,Warner Valley,DIS01,Plate_1,E11,Plate_1_E11,GTGTTCTA,GTCCGC,XO20012DIS,2002,Fin clip,No,NA,-120.17188,41.98884,Redband Trout-Dismal Creek,bams/sourced/REDB_DISM_01_RA.sort.flt.bam,
REDB_DISM_02_RA.sort.flt.bam,REDB,REDB,REDB,DISM,REDB_DISM_02,Redband Trout,Dismal Creek,Warner Valley,DIS02,Plate_1,F11,Plate_1_F11,AAGGACAC,GTCCGC,XO20020DIS,2002,Fin clip,No,NA,-120.17188,41.98884,Redband Trout-Dismal Creek,bams/sourced/REDB_DISM_02_RA.sort.flt.bam,
REDB_DISM_03_RA.sort.flt.bam,REDB,REDB,REDB,DISM,REDB_DISM_03,Redband Trout,Dismal Creek,Warner Valley,DIS03,Plate_1,G11,Plate_1_G11,CAAGGAGC,GTCCGC,XO20030DIS,2002,Fin clip,No,NA,-120.17188,41.98884,Redband Trout-Dismal Creek,bams/sourced/REDB_DISM_03_RA.sort.flt.bam,
REDB_DISM_04_RA.sort.flt.bam,REDB,REDB,REDB,DISM,REDB_DISM_04,Redband Trout,Dismal Creek,Warner Valley,DIS04,Plate_1,H11,Plate_1_H11,GATGAATC,GTCCGC,XO20041DIS,2002,Fin clip,Yes,NA,-120.17188,41.98884,Redband Trout-Dismal Creek,bams/sourced/REDB_DISM_04_RA.sort.flt.bam,
REDB_DISM_05_RA.sort.flt.bam,REDB,REDB,REDB,DISM,REDB_DISM_05,Redband Trout,Dismal Creek,Warner Valley,DIS05,Plate_1,A12,Plate_1_A12,AGTGGTCA,GTCCGC,XO20047DIS,2002,Fin clip,No,NA,-120.17188,41.98884,Redband Trout-Dismal Creek,bams/sourced/REDB_DISM_05_RA.sort.flt.bam,
REDB_DRYC_01_RA.sort.flt.bam,MRRB,MRRB,REDB,DRYC,REDB_DRYC_01,Redband Trout,Dry Creek,Upper McCloud River,DRY01,Plate_1,C2,Plate_1_C2,AGCAGGAA,GTCCGC,2.01E+14,2008,Fin clip,No,Station 2,NA,NA,Redband Trout-Dry Creek,bams/sourced/REDB_DRYC_01_RA.sort.flt.bam,
REDB_DRYC_02_RA.sort.flt.bam,MRRB,MRRB,REDB,DRYC,REDB_DRYC_02,Redband Trout,Dry Creek,Upper McCloud River,DRY02,Plate_1,D2,Plate_1_D2,CCGTGAGA,GTCCGC,2.01E+14,2008,Fin clip,No,Station 2,NA,NA,Redband Trout-Dry Creek,bams/sourced/REDB_DRYC_02_RA.sort.flt.bam,
REDB_DRYC_03_RA.sort.flt.bam,MRRB,MRRB,REDB,DRYC,REDB_DRYC_03,Redband Trout,Dry Creek,Upper McCloud River,DRY03,Plate_1,E2,Plate_1_E2,GCCACATA,GTCCGC,2.01E+14,2008,Fin clip,Yes,Station 2,NA,NA,Redband Trout-Dry Creek,bams/sourced/REDB_DRYC_03_RA.sort.flt.bam,
REDB_DRYC_04_RA.sort.flt.bam,MRRB,MRRB,REDB,DRYC,REDB_DRYC_04,Redband Trout,Dry Creek,Upper McCloud River,DRY04,Plate_1,F2,Plate_1_F2,TCCGTCTA,GTCCGC,2.01E+14,2008,Fin clip,No,Station 2,NA,NA,Redband Trout-Dry Creek,bams/sourced/REDB_DRYC_04_RA.sort.flt.bam,
REDB_DRYC_05_RA.sort.flt.bam,MRRB,MRRB,REDB,DRYC,REDB_DRYC_05,Redband Trout,Dry Creek,Upper McCloud River,DRY05,Plate_1,G2,Plate_1_G2,ACACTGAC,GTCCGC,2.01E+14,2008,Fin clip,No,Station 2,NA,NA,Redband Trout-Dry Creek,bams/sourced/REDB_DRYC_05_RA.sort.flt.bam,
REDB_DVGL_01_RA.sort.flt.bam,REDB,REDB,REDB,DVGL,REDB_DVGL_01,Redband Trout,Davis Creek (Goose Lake),Goose Lake,DAVg01,Plate_3,A1,Plate_3_A1,ACAAGCTA,GAGTGG,20090716007,2009,Fin clip,No,"South Fork, Station 1",NA,NA,Redband Trout-Davis Creek (Goose Lake),bams/sourced/REDB_DVGL_01_RA.sort.flt.bam,
REDB_DVGL_02_RA.sort.flt.bam,REDB,REDB,REDB,DVGL,REDB_DVGL_02,Redband Trout,Davis Creek (Goose Lake),Goose Lake,DAVg02,Plate_3,B1,Plate_3_B1,AACAACCA,GAGTGG,20090716008,2009,Fin clip,No,"South Fork, Station 1",NA,NA,Redband Trout-Davis Creek (Goose Lake),bams/sourced/REDB_DVGL_02_RA.sort.flt.bam,
REDB_DVGL_03_RA.sort.flt.bam,REDB,REDB,REDB,DVGL,REDB_DVGL_03,Redband Trout,Davis Creek (Goose Lake),Goose Lake,DAVg03,Plate_3,C1,Plate_3_C1,AGATCGCA,GAGTGG,20090715101,2009,Fin clip,No,"South Fork, Station 2",NA,NA,Redband Trout-Davis Creek (Goose Lake),bams/sourced/REDB_DVGL_03_RA.sort.flt.bam,
REDB_DVGL_04_RA.sort.flt.bam,REDB,REDB,REDB,DVGL,REDB_DVGL_04,Redband Trout,Davis Creek (Goose Lake),Goose Lake,DAVg04,Plate_3,D1,Plate_3_D1,CCGAAGTA,GAGTGG,20090715109,2009,Fin clip,No,"South Fork, Station 2",NA,NA,Redband Trout-Davis Creek (Goose Lake),bams/sourced/REDB_DVGL_04_RA.sort.flt.bam,
REDB_DVGL_05_RA.sort.flt.bam,REDB,REDB,REDB,DVGL,REDB_DVGL_05,Redband Trout,Davis Creek (Goose Lake),Goose Lake,DAVg05,Plate_3,E1,Plate_3_E1,GATAGACA,GAGTGG,20090715111,2009,Fin clip,No,"South Fork, Station 2",NA,NA,Redband Trout-Davis Creek (Goose Lake),bams/sourced/REDB_DVGL_05_RA.sort.flt.bam,
REDB_DVPR_01_RA.sort.flt.bam,REDB,REDB,REDB,DVPR,REDB_DVPR_01,Redband Trout,Davis Creek (Pit River),Lower Pit River,DAVp01,Plate_3,F1,Plate_3_F1,TATCAGCA,GAGTGG,2.01E+14,2008,Fin clip,No,Station 1,-121.1183199,40.83702218,Redband Trout-Davis Creek (Pit River),bams/sourced/REDB_DVPR_01_RA.sort.flt.bam,
REDB_DVPR_02_RA.sort.flt.bam,REDB,REDB,REDB,DVPR,REDB_DVPR_02,Redband Trout,Davis Creek (Pit River),Lower Pit River,DAVp02,Plate_3,G1,Plate_3_G1,AATGTTGC,GAGTGG,2.01E+14,2008,Fin clip,Yes,Station 1,-121.1183199,40.83702218,Redband Trout-Davis Creek (Pit River),bams/sourced/REDB_DVPR_02_RA.sort.flt.bam,
REDB_DVPR_03_RA.sort.flt.bam,REDB,REDB,REDB,DVPR,REDB_DVPR_03,Redband Trout,Davis Creek (Pit River),Lower Pit River,DAVp03,Plate_3,H1,Plate_3_H1,CCATCCTC,GAGTGG,2.01E+14,2008,Fin clip,No,Station 1,-121.1183199,40.83702218,Redband Trout-Davis Creek (Pit River),bams/sourced/REDB_DVPR_03_RA.sort.flt.bam,
REDB_DVPR_04_RA.sort.flt.bam,REDB,REDB,REDB,DVPR,REDB_DVPR_04,Redband Trout,Davis Creek (Pit River),Lower Pit River,DAVp04,Plate_3,A2,Plate_3_A2,AAACATCG,GAGTGG,2.01E+14,2008,Fin clip,No,Station 1,-121.1183199,40.83702218,Redband Trout-Davis Creek (Pit River),bams/sourced/REDB_DVPR_04_RA.sort.flt.bam,
REDB_DVPR_05_RA.sort.flt.bam,REDB,REDB,REDB,DVPR,REDB_DVPR_05,Redband Trout,Davis Creek (Pit River),Lower Pit River,DAVp05,Plate_3,B2,Plate_3_B2,AACCGAGA,GAGTGG,2.01E+14,2008,Fin clip,No,Station 1,-121.1183199,40.83702218,Redband Trout-Davis Creek (Pit River),bams/sourced/REDB_DVPR_05_RA.sort.flt.bam,
REDB_EAST_01_RA.sort.flt.bam,REDB,REDB,REDB,EAST,REDB_EAST_01,Redband Trout,East Creek,NF Pit River,EST01,Plate_3,F4,Plate_3_F4,TGAAGAGA,GAGTGG,20090914023,2009,Fin clip,No,Station 1,NA,NA,Redband Trout-East Creek,bams/sourced/REDB_EAST_01_RA.sort.flt.bam,
REDB_EAST_02_RA.sort.flt.bam,REDB,REDB,REDB,EAST,REDB_EAST_02,Redband Trout,East Creek,NF Pit River,EST02,Plate_3,G4,Plate_3_G4,AGATGTAC,GAGTGG,20090914032,2009,Fin clip,No,Station 1,NA,NA,Redband Trout-East Creek,bams/sourced/REDB_EAST_02_RA.sort.flt.bam,
REDB_EAST_03_RA.sort.flt.bam,REDB,REDB,REDB,EAST,REDB_EAST_03,Redband Trout,East Creek,NF Pit River,EST03,Plate_3,H4,Plate_3_H4,CCTCTATC,GAGTGG,20090914047,2009,Fin clip,No,Station 1,NA,NA,Redband Trout-East Creek,bams/sourced/REDB_EAST_03_RA.sort.flt.bam,
REDB_EAST_04_RA.sort.flt.bam,REDB,REDB,REDB,EAST,REDB_EAST_04,Redband Trout,East Creek,NF Pit River,EST04,Plate_3,A5,Plate_3_A5,AACGTGAT,GAGTGG,20090914007,2009,Fin clip,No,Station 2,NA,NA,Redband Trout-East Creek,bams/sourced/REDB_EAST_04_RA.sort.flt.bam,
REDB_EAST_05_RA.sort.flt.bam,REDB,REDB,REDB,EAST,REDB_EAST_05,Redband Trout,East Creek,NF Pit River,EST05,Plate_3,B5,Plate_3_B5,AAGGTACA,GAGTGG,20090914017,2009,Fin clip,No,Station 2,NA,NA,Redband Trout-East Creek,bams/sourced/REDB_EAST_05_RA.sort.flt.bam,
REDB_EDSN_01_RA.sort.flt.bam,MRRB,MRRB,REDB,EDSN,REDB_EDSN_01,Redband Trout,Edson Creek,Upper McCloud River,EDS01,Plate_3,C2,Plate_3_C2,AGCAGGAA,GAGTGG,2.01E+14,2007,Fin clip,No,Station 14,NA,NA,Redband Trout-Edson Creek,bams/sourced/REDB_EDSN_01_RA.sort.flt.bam,
REDB_EDSN_02_RA.sort.flt.bam,MRRB,MRRB,REDB,EDSN,REDB_EDSN_02,Redband Trout,Edson Creek,Upper McCloud River,EDS02,Plate_3,D2,Plate_3_D2,CCGTGAGA,GAGTGG,2.01E+14,2007,Fin clip,No,Station 14,NA,NA,Redband Trout-Edson Creek,bams/sourced/REDB_EDSN_02_RA.sort.flt.bam,
REDB_EDSN_03_RA.sort.flt.bam,MRRB,MRRB,REDB,EDSN,REDB_EDSN_03,Redband Trout,Edson Creek,Upper McCloud River,EDS03,Plate_3,E2,Plate_3_E2,GCCACATA,GAGTGG,2.01E+14,2007,Fin clip,No,Station 14,NA,NA,Redband Trout-Edson Creek,bams/sourced/REDB_EDSN_03_RA.sort.flt.bam,
REDB_EDSN_04_RA.sort.flt.bam,MRRB,MRRB,REDB,EDSN,REDB_EDSN_04,Redband Trout,Edson Creek,Upper McCloud River,EDS04,Plate_3,F2,Plate_3_F2,TCCGTCTA,GAGTGG,2.01E+14,2007,Fin clip,No,Station 1,NA,NA,Redband Trout-Edson Creek,bams/sourced/REDB_EDSN_04_RA.sort.flt.bam,
REDB_EDSN_05_RA.sort.flt.bam,MRRB,MRRB,REDB,EDSN,REDB_EDSN_05,Redband Trout,Edson Creek,Upper McCloud River,EDS05,Plate_3,G2,Plate_3_G2,ACACTGAC,GAGTGG,2.01E+14,2007,Fin clip,No,Station 1,NA,NA,Redband Trout-Edson Creek,bams/sourced/REDB_EDSN_05_RA.sort.flt.bam,
REDB_EMRN_01_RA.sort.flt.bam,REDB,REDB,REDB,EMRN,REDB_EMRN_01,Redband Trout,Emerson Creek,Surprise Valley,EMR01,Plate_3,D3,Plate_3_D3,CCTCCTGA,GAGTGG,20091006003,2009,Fin clip,No,Station 1,NA,NA,Redband Trout-Emerson Creek,bams/sourced/REDB_EMRN_01_RA.sort.flt.bam,
REDB_EMRN_02_RA.sort.flt.bam,REDB,REDB,REDB,EMRN,REDB_EMRN_02,Redband Trout,Emerson Creek,Surprise Valley,EMR02,Plate_3,E3,Plate_3_E3,GCGAGTAA,GAGTGG,20091007011,2009,Fin clip,No,Station 2,NA,NA,Redband Trout-Emerson Creek,bams/sourced/REDB_EMRN_02_RA.sort.flt.bam,
REDB_EMRN_03_RA.sort.flt.bam,REDB,REDB,REDB,EMRN,REDB_EMRN_03,Redband Trout,Emerson Creek,Surprise Valley,EMR03,Plate_3,F3,Plate_3_F3,TCTTCACA,GAGTGG,20091007018,2009,Fin clip,No,Station 2,NA,NA,Redband Trout-Emerson Creek,bams/sourced/REDB_EMRN_03_RA.sort.flt.bam,
REDB_EMRN_04_RA.sort.flt.bam,REDB,REDB,REDB,EMRN,REDB_EMRN_04,Redband Trout,Emerson Creek,Surprise Valley,EMR04,Plate_3,G3,Plate_3_G3,ACAGATTC,GAGTGG,20091007025,2009,Fin clip,No,Station 2,NA,NA,Redband Trout-Emerson Creek,bams/sourced/REDB_EMRN_04_RA.sort.flt.bam,
REDB_EMRN_05_RA.sort.flt.bam,REDB,REDB,REDB,EMRN,REDB_EMRN_05,Redband Trout,Emerson Creek,Surprise Valley,EMR05,Plate_3,H3,Plate_3_H3,AGTCAAGC,GAGTGG,20091007032,2009,Fin clip,No,Station 2,NA,NA,Redband Trout-Emerson Creek,bams/sourced/REDB_EMRN_05_RA.sort.flt.bam,
REDB_FRKN_01_RA.sort.flt.bam,REDB,REDB,REDB,FRKN,REDB_FRKN_01,Redband Trout,Franklin Creek,NF Pit River,FRK01,Plate_3,C5,Plate_3_C5,ATTGAGGA,GAGTGG,20090715001,2009,Fin clip,No,Station 2,NA,NA,Redband Trout-Franklin Creek,bams/sourced/REDB_FRKN_01_RA.sort.flt.bam,
REDB_FRKN_02_RA.sort.flt.bam,REDB,REDB,REDB,FRKN,REDB_FRKN_02,Redband Trout,Franklin Creek,NF Pit River,FRK02,Plate_3,D5,Plate_3_D5,CGACTGGA,GAGTGG,20090715004,2009,Fin clip,No,Station 2,NA,NA,Redband Trout-Franklin Creek,bams/sourced/REDB_FRKN_02_RA.sort.flt.bam,
REDB_FRKN_03_RA.sort.flt.bam,REDB,REDB,REDB,FRKN,REDB_FRKN_03,Redband Trout,Franklin Creek,NF Pit River,FRK03,Plate_3,E5,Plate_3_E5,GCTCGGTA,GAGTGG,20090715005,2009,Fin clip,No,Station 2,NA,NA,Redband Trout-Franklin Creek,bams/sourced/REDB_FRKN_03_RA.sort.flt.bam,
REDB_FRKN_04_RA.sort.flt.bam,REDB,REDB,REDB,FRKN,REDB_FRKN_04,Redband Trout,Franklin Creek,NF Pit River,FRK04,Plate_3,F5,Plate_3_F5,TGGAACAA,GAGTGG,20090714202,2009,Fin clip,No,Station 2,NA,NA,Redband Trout-Franklin Creek,bams/sourced/REDB_FRKN_04_RA.sort.flt.bam,
REDB_FRKN_05_RA.sort.flt.bam,REDB,REDB,REDB,FRKN,REDB_FRKN_05,Redband Trout,Franklin Creek,NF Pit River,FRK05,Plate_3,G5,Plate_3_G5,AGCACCTC,GAGTGG,20090714203,2009,Fin clip,No,Station 2,NA,NA,Redband Trout-Franklin Creek,bams/sourced/REDB_FRKN_05_RA.sort.flt.bam,
REDB_FTZH_01_RA.sort.flt.bam,REDB,REDB,REDB,FTZH,REDB_FTZH_01,Redband Trout,Fitzhugh Creek,SF Pit River,FTZ01,Plate_1,C10,Plate_1_C10,CAGCGTTA,GTCCGC,XO30011FTZ,2003,Fin clip,No,NA,-120.3005448,41.3631163,Redband Trout-Fitzhugh Creek,bams/sourced/REDB_FTZH_01_RA.sort.flt.bam,
REDB_FTZH_02_RA.sort.flt.bam,REDB,REDB,REDB,FTZH,REDB_FTZH_02,Redband Trout,Fitzhugh Creek,SF Pit River,FTZ02,Plate_1,D10,Plate_1_D10,GAATCTGA,GTCCGC,XO30025FTZ,2003,Fin clip,Yes,NA,-120.3005448,41.3631163,Redband Trout-Fitzhugh Creek,bams/sourced/REDB_FTZH_02_RA.sort.flt.bam,
REDB_FTZH_03_RA.sort.flt.bam,REDB,REDB,REDB,FTZH,REDB_FTZH_03,Redband Trout,Fitzhugh Creek,SF Pit River,FTZ03,Plate_1,E10,Plate_1_E10,GTCTGTCA,GTCCGC,XO30044FTZ,2003,Fin clip,No,NA,-120.3005448,41.3631163,Redband Trout-Fitzhugh Creek,bams/sourced/REDB_FTZH_03_RA.sort.flt.bam,
REDB_FTZH_04_RA.sort.flt.bam,REDB,REDB,REDB,FTZH,REDB_FTZH_04,Redband Trout,Fitzhugh Creek,SF Pit River,FTZ04,Plate_1,F10,Plate_1_F10,AAGAGATC,GTCCGC,XO30069FTZ,2003,Fin clip,No,NA,-120.3005448,41.3631163,Redband Trout-Fitzhugh Creek,bams/sourced/REDB_FTZH_04_RA.sort.flt.bam,
REDB_FTZH_05_RA.sort.flt.bam,REDB,REDB,REDB,FTZH,REDB_FTZH_05,Redband Trout,Fitzhugh Creek,SF Pit River,FTZ05,Plate_1,G10,Plate_1_G10,ATTGGCTC,GTCCGC,XO30077FTZ,2003,Fin clip,Yes,NA,-120.3005448,41.3631163,Redband Trout-Fitzhugh Creek,bams/sourced/REDB_FTZH_05_RA.sort.flt.bam,
REDB_JSPH_01_RA.sort.flt.bam,REDB,REDB,REDB,JSPH,REDB_JSPH_01,Redband Trout,Joseph Creek,NF Pit River,JOS01,Plate_3,H5,Plate_3_H5,CGACACAC,GAGTGG,20090714008,2009,Fin clip,No,Station 1,NA,NA,Redband Trout-Joseph Creek,bams/sourced/REDB_JSPH_01_RA.sort.flt.bam,
REDB_JSPH_02_RA.sort.flt.bam,REDB,REDB,REDB,JSPH,REDB_JSPH_02,Redband Trout,Joseph Creek,NF Pit River,JOS02,Plate_3,A6,Plate_3_A6,CGCTGATC,GAGTGG,20090714016,2009,Fin clip,No,Station 1,NA,NA,Redband Trout-Joseph Creek,bams/sourced/REDB_JSPH_02_RA.sort.flt.bam,
REDB_JSPH_03_RA.sort.flt.bam,REDB,REDB,REDB,JSPH,REDB_JSPH_03,Redband Trout,Joseph Creek,NF Pit River,JOS03,Plate_3,B6,Plate_3_B6,ACACAGAA,GAGTGG,20090714019,2009,Fin clip,No,Station 1,NA,NA,Redband Trout-Joseph Creek,bams/sourced/REDB_JSPH_03_RA.sort.flt.bam,
REDB_JSPH_04_RA.sort.flt.bam,REDB,REDB,REDB,JSPH,REDB_JSPH_04,Redband Trout,Joseph Creek,NF Pit River,JOS04,Plate_3,C6,Plate_3_C6,CAACCACA,GAGTGG,20090714101,2009,Fin clip,No,Station 2,NA,NA,Redband Trout-Joseph Creek,bams/sourced/REDB_JSPH_04_RA.sort.flt.bam,
REDB_JSPH_05_RA.sort.flt.bam,REDB,REDB,REDB,JSPH,REDB_JSPH_05,Redband Trout,Joseph Creek,NF Pit River,JOS05,Plate_3,D6,Plate_3_D6,CGCATACA,GAGTGG,20090714108,2009,Fin clip,No,Station 2,NA,NA,Redband Trout-Joseph Creek,bams/sourced/REDB_JSPH_05_RA.sort.flt.bam,
REDB_LASN_01_RA.sort.flt.bam,REDB,REDB,REDB,LASN,REDB_LASN_01,Redband Trout,Lassen Creek,Goose Lake,LAS01,Plate_2,C2,Plate_2_C2,AGCAGGAA,GTGGCC,XO40004LAS,2004,Fin clip,Yes,NA,-120.29677,41.82397,Redband Trout-Lassen Creek,bams/sourced/REDB_LASN_01_RA.sort.flt.bam,
REDB_LASN_02_RA.sort.flt.bam,REDB,REDB,REDB,LASN,REDB_LASN_02,Redband Trout,Lassen Creek,Goose Lake,LAS02,Plate_2,D2,Plate_2_D2,CCGTGAGA,GTGGCC,XO40014LAS,2004,Fin clip,No,campground,-120.29677,41.82397,Redband Trout-Lassen Creek,bams/sourced/REDB_LASN_02_RA.sort.flt.bam,
REDB_LASN_03_RA.sort.flt.bam,REDB,REDB,REDB,LASN,REDB_LASN_03,Redband Trout,Lassen Creek,Goose Lake,LAS03,Plate_2,E2,Plate_2_E2,GCCACATA,GTGGCC,XO40024LAS,2004,Fin clip,Yes,campground,-120.29677,41.82397,Redband Trout-Lassen Creek,bams/sourced/REDB_LASN_03_RA.sort.flt.bam,
REDB_LASN_04_RA.sort.flt.bam,REDB,REDB,REDB,LASN,REDB_LASN_04,Redband Trout,Lassen Creek,Goose Lake,LAS04,Plate_2,F2,Plate_2_F2,TCCGTCTA,GTGGCC,XO40029LAS,2004,Fin clip,No,Cold Creek,-120.29677,41.82397,Redband Trout-Lassen Creek,bams/sourced/REDB_LASN_04_RA.sort.flt.bam,
REDB_LASN_05_RA.sort.flt.bam,REDB,REDB,REDB,LASN,REDB_LASN_05,Redband Trout,Lassen Creek,Goose Lake,LAS05,Plate_2,G2,Plate_2_G2,ACACTGAC,GTGGCC,XO40055LAS,2004,Fin clip,No,Cold Creek,-120.29677,41.82397,Redband Trout-Lassen Creek,bams/sourced/REDB_LASN_05_RA.sort.flt.bam,
REDB_LCLN_01_RA.sort.flt.bam,REDB,REDB,REDB,LCLN,REDB_LCLN_01,Redband Trout,Lincoln Creek,Yuba North Fork,LNC01,Plate_2,F6,Plate_2_F6,TGGCTTCA,GTGGCC,LC01,2007,Fin clip,Yes,NA,NA,NA,Redband Trout-Lincoln Creek,bams/sourced/REDB_LCLN_01_RA.sort.flt.bam,
REDB_LCLN_02_RA.sort.flt.bam,REDB,REDB,REDB,LCLN,REDB_LCLN_02,Redband Trout,Lincoln Creek,Yuba North Fork,LNC02,Plate_2,G6,Plate_2_G6,AGCCATGC,GTGGCC,LC02,2007,Fin clip,No,NA,NA,NA,Redband Trout-Lincoln Creek,bams/sourced/REDB_LCLN_02_RA.sort.flt.bam,
REDB_LCLN_03_RA.sort.flt.bam,REDB,REDB,REDB,LCLN,REDB_LCLN_03,Redband Trout,Lincoln Creek,Yuba North Fork,LNC03,Plate_2,H6,Plate_2_H6,CGGATTGC,GTGGCC,LC03,2007,Fin clip,Yes,NA,NA,NA,Redband Trout-Lincoln Creek,bams/sourced/REDB_LCLN_03_RA.sort.flt.bam,
REDB_LOST_01_RA.sort.flt.bam,REDB,REDB,REDB,LOST,REDB_LOST_01,Redband Trout,Lost Creek,Lower Pit River,LOS01,Plate_2,G4,Plate_2_G4,AGATGTAC,GTGGCC,20091028003,2009,Fin clip,No,Station 1,NA,NA,Redband Trout-Lost Creek,bams/sourced/REDB_LOST_01_RA.sort.flt.bam,
REDB_LOST_02_RA.sort.flt.bam,REDB,REDB,REDB,LOST,REDB_LOST_02,Redband Trout,Lost Creek,Lower Pit River,LOS02,Plate_2,H4,Plate_2_H4,CCTCTATC,GTGGCC,20090625002,2009,Fin clip,No,Station 2,NA,NA,Redband Trout-Lost Creek,bams/sourced/REDB_LOST_02_RA.sort.flt.bam,
REDB_MCKY_01_RA.sort.flt.bam,MRRB,MRRB,REDB,MCKY,REDB_MCKY_01,Redband Trout,McKay Creek,Upper McCloud River,MKY01,Plate_1,H2,Plate_1_H2,CCGACAAC,GTCCGC,20McKay,2007,Fin clip,No,NA,NA,NA,Redband Trout-McKay Creek,bams/sourced/REDB_MCKY_01_RA.sort.flt.bam,
REDB_MCKY_02_RA.sort.flt.bam,MRRB,MRRB,REDB,MCKY,REDB_MCKY_02,Redband Trout,McKay Creek,Upper McCloud River,MKY02,Plate_1,A3,Plate_1_A3,ACATTGGC,GTCCGC,33McKay,2007,Fin clip,No,NA,NA,NA,Redband Trout-McKay Creek,bams/sourced/REDB_MCKY_02_RA.sort.flt.bam,
REDB_MCKY_03_RA.sort.flt.bam,MRRB,MRRB,REDB,MCKY,REDB_MCKY_03,Redband Trout,McKay Creek,Upper McCloud River,MKY03,Plate_1,B3,Plate_1_B3,AACGCTTA,GTCCGC,34McKay,2007,Fin clip,No,NA,NA,NA,Redband Trout-McKay Creek,bams/sourced/REDB_MCKY_03_RA.sort.flt.bam,
REDB_MCKY_04_RA.sort.flt.bam,MRRB,MRRB,REDB,MCKY,REDB_MCKY_04,Redband Trout,McKay Creek,Upper McCloud River,MKY04,Plate_1,C3,Plate_1_C3,AGTCACTA,GTCCGC,37McKay,2007,Fin clip,No,NA,NA,NA,Redband Trout-McKay Creek,bams/sourced/REDB_MCKY_04_RA.sort.flt.bam,
REDB_MCLD_01_RA.sort.flt.bam,MRRB,MRRB,REDB,MCLD,REDB_MCLD_01,Redband Trout,McCloud River,Upper McCloud River,MCD01,Plate_1,E6,Plate_1_E6,GGAGAACA,GTCCGC,2.01E+14,2007,Fin clip,Yes,Station 5,NA,NA,Redband Trout-McCloud River,bams/sourced/REDB_MCLD_01_RA.sort.flt.bam,
REDB_MCLD_02_RA.sort.flt.bam,MRRB,MRRB,REDB,MCLD,REDB_MCLD_02,Redband Trout,McCloud River,Upper McCloud River,MCD02,Plate_1,F6,Plate_1_F6,TGGCTTCA,GTCCGC,2.01E+14,2007,Fin clip,No,Station 5,NA,NA,Redband Trout-McCloud River,bams/sourced/REDB_MCLD_02_RA.sort.flt.bam,
REDB_MCLD_03_RA.sort.flt.bam,MRRB,MRRB,REDB,MCLD,REDB_MCLD_03,Redband Trout,McCloud River,Upper McCloud River,MCD03,Plate_1,G6,Plate_1_G6,AGCCATGC,GTCCGC,2.01E+14,2007,Fin clip,No,Station 5,NA,NA,Redband Trout-McCloud River,bams/sourced/REDB_MCLD_03_RA.sort.flt.bam,
REDB_MCLD_05_RA.sort.flt.bam,MRRB,MRRB,REDB,MCLD,REDB_MCLD_05,Redband Trout,McCloud River,Upper McCloud River,MCD05,Plate_1,A7,Plate_1_A7,CAGATCTG,GTCCGC,2.01E+14,2007,Fin clip,No,Station 8,NA,NA,Redband Trout-McCloud River,bams/sourced/REDB_MCLD_05_RA.sort.flt.bam,
REDB_MCLD_06_RA.sort.flt.bam,MRRB,MRRB,REDB,MCLD,REDB_MCLD_06,Redband Trout,McCloud River,Upper McCloud River,MCD06,Plate_1,B7,Plate_1_B7,ACAGCAGA,GTCCGC,2.01E+14,2007,Fin clip,No,Station 8,NA,NA,Redband Trout-McCloud River,bams/sourced/REDB_MCLD_06_RA.sort.flt.bam,
REDB_MCLD_09_RA.sort.flt.bam,MRRB,MRRB,REDB,MCLD,REDB_MCLD_09,Redband Trout,McCloud River,Upper McCloud River,MCD09,Plate_1,E7,Plate_1_E7,GGTGCGAA,GTCCGC,5242007007,2007,Fin clip,No,Station 11,NA,NA,Redband Trout-McCloud River,bams/sourced/REDB_MCLD_09_RA.sort.flt.bam,
REDB_MCLD_10_RA.sort.flt.bam,MRRB,MRRB,REDB,MCLD,REDB_MCLD_10,Redband Trout,McCloud River,Upper McCloud River,MCD10,Plate_1,F7,Plate_1_F7,TGGTGGTA,GTCCGC,2.01E+14,2007,Fin clip,No,Station 11 QA,NA,NA,Redband Trout-McCloud River,bams/sourced/REDB_MCLD_10_RA.sort.flt.bam,
REDB_MCLD_11_RA.sort.flt.bam,MRRB,MRRB,REDB,MCLD,REDB_MCLD_11,Redband Trout,McCloud River,Upper McCloud River,MCD11,Plate_1,G7,Plate_1_G7,AGGCTAAC,GTCCGC,2.01E+14,2007,Fin clip,No,Station 11 QA,NA,NA,Redband Trout-McCloud River,bams/sourced/REDB_MCLD_11_RA.sort.flt.bam,
REDB_MCLD_12_RA.sort.flt.bam,MRRB,MRRB,REDB,MCLD,REDB_MCLD_12,Redband Trout,McCloud River,Upper McCloud River,MCD12,Plate_1,H7,Plate_1_H7,CTAAGGTC,GTCCGC,2.01E+14,2007,Fin clip,No,Station 11 QA,NA,NA,Redband Trout-McCloud River,bams/sourced/REDB_MCLD_12_RA.sort.flt.bam,
REDB_MCLD_13_RA.sort.flt.bam,MRRB,MRRB,REDB,MCLD,REDB_MCLD_13,Redband Trout,McCloud River,Upper McCloud River,MCD13,Plate_1,A8,Plate_1_A8,ATGCCTAA,GTCCGC,XO70076MCCL,2007,Fin clip,No,Station 12,NA,NA,Redband Trout-McCloud River,bams/sourced/REDB_MCLD_13_RA.sort.flt.bam,
REDB_MCLD_04_RA.sort.flt.bam,MRRB,MRRB,REDB,MCLD,REDB_MCLD_14,Redband Trout,McCloud River,Upper McCloud River,MCD14,Plate_1,B8,Plate_1_B8,ACCTCCAA,GTCCGC,XO70077MCCL,2007,Fin clip,No,Station 12,NA,NA,Redband Trout-McCloud River,bams/sourced/REDB_MCLD_04_RA.sort.flt.bam,
REDB_MCLD_15_RA.sort.flt.bam,MRRB,MRRB,REDB,MCLD,REDB_MCLD_15,Redband Trout,McCloud River,Upper McCloud River,MCD15,Plate_1,C8,Plate_1_C8,CAATGGAA,GTCCGC,XO70079MCCL,2007,Fin clip,No,Station 12,NA,NA,Redband Trout-McCloud River,bams/sourced/REDB_MCLD_15_RA.sort.flt.bam,
REDB_MCLD_16_RA.sort.flt.bam,MRRB,MRRB,REDB,MCLD,REDB_MCLD_16,Redband Trout,McCloud River,Upper McCloud River,MCD16,Plate_1,D8,Plate_1_D8,CTGAGCCA,GTCCGC,XO70088MCCL,2007,Fin clip,No,Station 12,NA,NA,Redband Trout-McCloud River,bams/sourced/REDB_MCLD_16_RA.sort.flt.bam,
REDB_MCLD_17_RA.sort.flt.bam,MRRB,MRRB,REDB,MCLD,REDB_MCLD_17,Redband Trout,McCloud River,Upper McCloud River,MCD17,Plate_1,E8,Plate_1_E8,GTACGCAA,GTCCGC,XO70099MCCL,2007,Fin clip,No,Station 12,NA,NA,Redband Trout-McCloud River,bams/sourced/REDB_MCLD_17_RA.sort.flt.bam,
REDB_MCLD_18_RA.sort.flt.bam,MRRB,MRRB,REDB,MCLD,REDB_MCLD_18,Redband Trout,McCloud River,Upper McCloud River,MCD18,Plate_1,F8,Plate_1_F8,TTCACGCA,GTCCGC,XO70102MCCL,2007,Fin clip,No,Station 12,NA,NA,Redband Trout-McCloud River,bams/sourced/REDB_MCLD_18_RA.sort.flt.bam,
REDB_MCLD_19_RA.sort.flt.bam,MRRB,MRRB,REDB,MCLD,REDB_MCLD_19,Redband Trout,McCloud River,Upper McCloud River,MCD19,Plate_1,G8,Plate_1_G8,ATAGCGAC,GTCCGC,2.01E+14,2008,Fin clip,No,UTC,NA,NA,Redband Trout-McCloud River,bams/sourced/REDB_MCLD_19_RA.sort.flt.bam,
REDB_MCLD_20_RA.sort.flt.bam,MRRB,MRRB,REDB,MCLD,REDB_MCLD_20,Redband Trout,McCloud River,Upper McCloud River,MCD20,Plate_1,H8,Plate_1_H8,GAACAGGC,GTCCGC,2.01E+14,2008,Fin clip,No,UTC,NA,NA,Redband Trout-McCloud River,bams/sourced/REDB_MCLD_20_RA.sort.flt.bam,
REDB_MILL_01_RA.sort.flt.bam,REDB,REDB,REDB,MILL,REDB_MILL_01,Redband Trout,Mill Creek,Surprise Valley,MLC01,Plate_2,A1,Plate_2_A1,ACAAGCTA,GTGGCC,20090818105,2009,Fin clip,No,Station 1,NA,NA,Redband Trout-Mill Creek,bams/sourced/REDB_MILL_01_RA.sort.flt.bam,
REDB_MILL_02_RA.sort.flt.bam,REDB,REDB,REDB,MILL,REDB_MILL_02,Redband Trout,Mill Creek,Surprise Valley,MLC02,Plate_2,B1,Plate_2_B1,AACAACCA,GTGGCC,20090818111,2009,Fin clip,No,Station 1,NA,NA,Redband Trout-Mill Creek,bams/sourced/REDB_MILL_02_RA.sort.flt.bam,
REDB_MILL_03_RA.sort.flt.bam,REDB,REDB,REDB,MILL,REDB_MILL_03,Redband Trout,Mill Creek,Surprise Valley,MLC03,Plate_2,C1,Plate_2_C1,AGATCGCA,GTGGCC,20090818116,2009,Fin clip,No,Station 2,NA,NA,Redband Trout-Mill Creek,bams/sourced/REDB_MILL_03_RA.sort.flt.bam,
REDB_MILL_04_RA.sort.flt.bam,REDB,REDB,REDB,MILL,REDB_MILL_04,Redband Trout,Mill Creek,Surprise Valley,MLC04,Plate_2,D1,Plate_2_D1,CCGAAGTA,GTGGCC,20090818123,2009,Fin clip,No,Station 2,NA,NA,Redband Trout-Mill Creek,bams/sourced/REDB_MILL_04_RA.sort.flt.bam,
REDB_MILL_05_RA.sort.flt.bam,REDB,REDB,REDB,MILL,REDB_MILL_05,Redband Trout,Mill Creek,Surprise Valley,MLC05,Plate_2,E1,Plate_2_E1,GATAGACA,GTGGCC,20090818130,2009,Fin clip,No,Station 2,NA,NA,Redband Trout-Mill Creek,bams/sourced/REDB_MILL_05_RA.sort.flt.bam,
REDB_MOHD_01_RA.sort.flt.bam,MRRB,MRRB,REDB,MOHD,REDB_MOHD_01,Redband Trout,Moosehead Creek,Upper McCloud River,MHC01,Plate_4,A2,Plate_4_A2,AAACATCG,ACTGAT,9.82E+14,2016,Fin clip,No,NA,NA,NA,Redband Trout-Moosehead Creek,bams/sourced/REDB_MOHD_01_RA.sort.flt.bam,
REDB_MOHD_02_RA.sort.flt.bam,MRRB,MRRB,REDB,MOHD,REDB_MOHD_02,Redband Trout,Moosehead Creek,Upper McCloud River,MHC02,Plate_4,B2,Plate_4_B2,AACCGAGA,ACTGAT,9.82E+14,2016,Fin clip,No,NA,NA,NA,Redband Trout-Moosehead Creek,bams/sourced/REDB_MOHD_02_RA.sort.flt.bam,
REDB_NFPT_01_RA.sort.flt.bam,REDB,REDB,REDB,NFPT,REDB_NFPT_01,Redband Trout,North Fork Pit River,NF Pit River,PIT01,Plate_2,B4,Plate_2_B4,AAGACGGA,GTGGCC,20090610001,2009,Fin clip,No,Station 2,-120.4448449,41.55960929,Redband Trout-North Fork Pit River,bams/sourced/REDB_NFPT_01_RA.sort.flt.bam,
REDB_NFPT_02_RA.sort.flt.bam,REDB,REDB,REDB,NFPT,REDB_NFPT_02,Redband Trout,North Fork Pit River,NF Pit River,PIT02,Plate_2,C4,Plate_2_C4,ATCCTGTA,GTGGCC,20090610002,2009,Fin clip,No,Station 2,-120.4448449,41.55960929,Redband Trout-North Fork Pit River,bams/sourced/REDB_NFPT_02_RA.sort.flt.bam,
REDB_NFPT_03_RA.sort.flt.bam,REDB,REDB,REDB,NFPT,REDB_NFPT_03,Redband Trout,North Fork Pit River,NF Pit River,PIT03,Plate_2,D4,Plate_2_D4,CGAACTTA,GTGGCC,20090610010,2009,Fin clip,No,Station 3,-120.4305994,41.58998706,Redband Trout-North Fork Pit River,bams/sourced/REDB_NFPT_03_RA.sort.flt.bam,
REDB_NFPT_04_RA.sort.flt.bam,REDB,REDB,REDB,NFPT,REDB_NFPT_04,Redband Trout,North Fork Pit River,NF Pit River,PIT04,Plate_2,E4,Plate_2_E4,GCTAACGA,GTGGCC,20090610011,2009,Fin clip,No,Station 3,-120.4305994,41.58998706,Redband Trout-North Fork Pit River,bams/sourced/REDB_NFPT_04_RA.sort.flt.bam,
REDB_NFPT_05_RA.sort.flt.bam,REDB,REDB,REDB,NFPT,REDB_NFPT_05,Redband Trout,North Fork Pit River,NF Pit River,PIT05,Plate_2,F4,Plate_2_F4,TGAAGAGA,GTGGCC,20090615001,2009,Fin clip,No,Station 4,-120.4239037,41.59291411,Redband Trout-North Fork Pit River,bams/sourced/REDB_NFPT_05_RA.sort.flt.bam,
REDB_NLSN_01_RA.sort.flt.bam,REDB,REDB,REDB,NLSN,REDB_NLSN_01,Redband Trout,East Fork Nelson Creek,Lower Pit River,NEL01,Plate_3,F7,Plate_3_F7,TGGTGGTA,GAGTGG,XO40018EFN,2004,Fin clip,Yes,East Fork,-121.82215,41.02907,Redband Trout-Nelson Creek,bams/sourced/REDB_NLSN_01_RA.sort.flt.bam,
REDB_NLSN_02_RA.sort.flt.bam,REDB,REDB,REDB,NLSN,REDB_NLSN_02,Redband Trout,East Fork Nelson Creek,Lower Pit River,NEL02,Plate_3,G7,Plate_3_G7,AGGCTAAC,GAGTGG,XO40039EFN,2004,Fin clip,Yes,East Fork,-121.82215,41.02907,Redband Trout-Nelson Creek,bams/sourced/REDB_NLSN_02_RA.sort.flt.bam,
REDB_NLSN_03_RA.sort.flt.bam,REDB,REDB,REDB,NLSN,REDB_NLSN_03,Redband Trout,East Fork Nelson Creek,Lower Pit River,NEL03,Plate_3,H7,Plate_3_H7,CTAAGGTC,GAGTGG,XO40054EFN,2004,Fin clip,Yes,East Fork,-121.82215,41.02907,Redband Trout-Nelson Creek,bams/sourced/REDB_NLSN_03_RA.sort.flt.bam,
REDB_NLSN_04_RA.sort.flt.bam,REDB,REDB,REDB,NLSN,REDB_NLSN_04,Redband Trout,East Fork Nelson Creek,Lower Pit River,NEL04,Plate_3,A8,Plate_3_A8,ATGCCTAA,GAGTGG,XO40071EFN,2004,Fin clip,No,East Fork,-121.82215,41.02907,Redband Trout-Nelson Creek,bams/sourced/REDB_NLSN_04_RA.sort.flt.bam,
REDB_NLSN_05_RA.sort.flt.bam,REDB,REDB,REDB,NLSN,REDB_NLSN_05,Redband Trout,East Fork Nelson Creek,Lower Pit River,NEL05,Plate_3,B8,Plate_3_B8,ACCTCCAA,GAGTGG,XO40091EFN,2004,Fin clip,No,East Fork,-121.82215,41.02907,Redband Trout-Nelson Creek,bams/sourced/REDB_NLSN_05_RA.sort.flt.bam,
REDB_PARK_01_RA.sort.flt.bam,REDB,REDB,REDB,PARK,REDB_PARK_01,Redband Trout,Parker Creek,NF Pit River,PAR01,Plate_1,H10,Plate_1_H10,GAGTTAGC,GTCCGC,XO30010PAR,2003,Fin clip,No,NA,-120.3341272,41.4523481,Redband Trout-Parker Creek,bams/sourced/REDB_PARK_01_RA.sort.flt.bam,
REDB_PARK_02_RA.sort.flt.bam,REDB,REDB,REDB,PARK,REDB_PARK_02,Redband Trout,Parker Creek,NF Pit River,PAR02,Plate_1,A11,Plate_1_A11,CATCAAGT,GTCCGC,XO30026PAR,2003,Fin clip,No,NA,-120.3341272,41.4523481,Redband Trout-Parker Creek,bams/sourced/REDB_PARK_02_RA.sort.flt.bam,
REDB_PARK_03_RA.sort.flt.bam,REDB,REDB,REDB,PARK,REDB_PARK_03,Redband Trout,Parker Creek,NF Pit River,PAR03,Plate_1,B11,Plate_1_B11,ACTATGCA,GTCCGC,XO30047PAR,2003,Fin clip,No,NA,-120.3341272,41.4523481,Redband Trout-Parker Creek,bams/sourced/REDB_PARK_03_RA.sort.flt.bam,
REDB_PARK_04_RA.sort.flt.bam,REDB,REDB,REDB,PARK,REDB_PARK_04,Redband Trout,Parker Creek,NF Pit River,PAR04,Plate_1,C11,Plate_1_C11,CATACCAA,GTCCGC,XO30062PAR,2003,Fin clip,No,NA,-120.3341272,41.4523481,Redband Trout-Parker Creek,bams/sourced/REDB_PARK_04_RA.sort.flt.bam,
REDB_PARK_05_RA.sort.flt.bam,REDB,REDB,REDB,PARK,REDB_PARK_05,Redband Trout,Parker Creek,NF Pit River,PAR05,Plate_1,D11,Plate_1_D11,GACTAGTA,GTCCGC,XO30081PAR,2003,Fin clip,No,NA,-120.3341272,41.4523481,Redband Trout-Parker Creek,bams/sourced/REDB_PARK_05_RA.sort.flt.bam,
REDB_PSNP_01_RA.sort.flt.bam,REDB,REDB,REDB,PSNP,REDB_PSNP_01,Redband Trout,Parsnip Creek,SF Pit River,PSN01,Plate_3,B10,Plate_3_B10,ACGTATCA,GAGTGG,20090923004,2009,Fin clip,No,"Unnamed trib, station 1",NA,NA,Redband Trout-Parsnip Creek,bams/sourced/REDB_PSNP_01_RA.sort.flt.bam,
REDB_PSNP_02_RA.sort.flt.bam,REDB,REDB,REDB,PSNP,REDB_PSNP_02,Redband Trout,Parsnip Creek,SF Pit River,PSN02,Plate_3,C10,Plate_3_C10,CAGCGTTA,GAGTGG,20090923008,2009,Fin clip,No,"Unnamed trib, station 1",NA,NA,Redband Trout-Parsnip Creek,bams/sourced/REDB_PSNP_02_RA.sort.flt.bam,
REDB_PSNP_03_RA.sort.flt.bam,REDB,REDB,REDB,PSNP,REDB_PSNP_03,Redband Trout,Parsnip Creek,SF Pit River,PSN03,Plate_3,D10,Plate_3_D10,GAATCTGA,GAGTGG,20090923011,2009,Fin clip,No,"Unnamed trib, station 1",NA,NA,Redband Trout-Parsnip Creek,bams/sourced/REDB_PSNP_03_RA.sort.flt.bam,
REDB_PSNP_04_RA.sort.flt.bam,REDB,REDB,REDB,PSNP,REDB_PSNP_04,Redband Trout,Parsnip Creek,SF Pit River,PSN04,Plate_3,E10,Plate_3_E10,GTCTGTCA,GAGTGG,20090923013,2009,Fin clip,No,"Unnamed trib, station 1",NA,NA,Redband Trout-Parsnip Creek,bams/sourced/REDB_PSNP_04_RA.sort.flt.bam,
REDB_PSNP_05_RA.sort.flt.bam,REDB,REDB,REDB,PSNP,REDB_PSNP_05,Redband Trout,Parsnip Creek,SF Pit River,PSN05,Plate_3,F10,Plate_3_F10,AAGAGATC,GAGTGG,20090923015,2009,Fin clip,No,"Unnamed trib, station 1",NA,NA,Redband Trout-Parsnip Creek,bams/sourced/REDB_PSNP_05_RA.sort.flt.bam,
REDB_RCCN_01_RA.sort.flt.bam,MRRB,MRRB,REDB,RCCN,REDB_RCCN_01,Redband Trout,Raccoon Creek,Upper McCloud River,RCN01,Plate_1,D3,Plate_1_D3,CCTCCTGA,GTCCGC,2.01E+14,2007,Fin clip,No,Station 4,NA,NA,Redband Trout-Raccoon Creek,bams/sourced/REDB_RCCN_01_RA.sort.flt.bam,
REDB_RCCN_02_RA.sort.flt.bam,MRRB,MRRB,REDB,RCCN,REDB_RCCN_02,Redband Trout,Raccoon Creek,Upper McCloud River,RCN02,Plate_1,E3,Plate_1_E3,GCGAGTAA,GTCCGC,2.01E+14,2007,Fin clip,No,Station 4,NA,NA,Redband Trout-Raccoon Creek,bams/sourced/REDB_RCCN_02_RA.sort.flt.bam,
REDB_RCCN_03_RA.sort.flt.bam,MRRB,MRRB,REDB,RCCN,REDB_RCCN_03,Redband Trout,Raccoon Creek,Upper McCloud River,RCN03,Plate_1,F3,Plate_1_F3,TCTTCACA,GTCCGC,2.01E+14,2007,Fin clip,No,Station 4,NA,NA,Redband Trout-Raccoon Creek,bams/sourced/REDB_RCCN_03_RA.sort.flt.bam,
REDB_RCCN_04_RA.sort.flt.bam,MRRB,MRRB,REDB,RCCN,REDB_RCCN_04,Redband Trout,Raccoon Creek,Upper McCloud River,RCN04,Plate_1,G3,Plate_1_G3,ACAGATTC,GTCCGC,2.01E+14,2007,Fin clip,No,NA,NA,NA,Redband Trout-Raccoon Creek,bams/sourced/REDB_RCCN_04_RA.sort.flt.bam,
REDB_RCCN_05_RA.sort.flt.bam,MRRB,MRRB,REDB,RCCN,REDB_RCCN_05,Redband Trout,Raccoon Creek,Upper McCloud River,RCN05,Plate_1,H3,Plate_1_H3,AGTCAAGC,GTCCGC,2.01E+14,2007,Fin clip,No,NA,NA,NA,Redband Trout-Raccoon Creek,bams/sourced/REDB_RCCN_05_RA.sort.flt.bam,
REDB_SHGU_01_RA.sort.flt.bam,MRRB,MRRB,REDB,SHGU,REDB_SHGU_01,Redband Trout,Shady Gulch Creek,Upper McCloud River,SHG01,Plate_2,A7,Plate_2_A7,CAGATCTG,GTGGCC,2.01E+14,2007,Fin clip,No,Station 4,NA,NA,Redband Trout-Shady Gulch Creek,bams/sourced/REDB_SHGU_01_RA.sort.flt.bam,
REDB_SHLD_01_RA.sort.flt.bam,REDB,REDB,REDB,SHLD,REDB_SHLD_01,Redband Trout,Shields Creek,NF Pit River,SHD01,Plate_2,A6,Plate_2_A6,CGCTGATC,GTGGCC,20090902111,2009,Fin clip,No,Station 1,NA,NA,Redband Trout-Shields Creek,bams/sourced/REDB_SHLD_01_RA.sort.flt.bam,
REDB_SHLD_02_RA.sort.flt.bam,REDB,REDB,REDB,SHLD,REDB_SHLD_02,Redband Trout,Shields Creek,NF Pit River,SHD02,Plate_2,B6,Plate_2_B6,ACACAGAA,GTGGCC,20090902130,2009,Fin clip,No,Station 1,NA,NA,Redband Trout-Shields Creek,bams/sourced/REDB_SHLD_02_RA.sort.flt.bam,
REDB_SHLD_03_RA.sort.flt.bam,REDB,REDB,REDB,SHLD,REDB_SHLD_03,Redband Trout,Shields Creek,NF Pit River,SHD03,Plate_2,C6,Plate_2_C6,CAACCACA,GTGGCC,20090902209,2009,Fin clip,No,Station 1,NA,NA,Redband Trout-Shields Creek,bams/sourced/REDB_SHLD_03_RA.sort.flt.bam,
REDB_SHLD_04_RA.sort.flt.bam,REDB,REDB,REDB,SHLD,REDB_SHLD_04,Redband Trout,Shields Creek,NF Pit River,SHD04,Plate_2,D6,Plate_2_D6,CGCATACA,GTGGCC,20090902220,2009,Fin clip,No,Station 1,NA,NA,Redband Trout-Shields Creek,bams/sourced/REDB_SHLD_04_RA.sort.flt.bam,
REDB_SHLD_05_RA.sort.flt.bam,REDB,REDB,REDB,SHLD,REDB_SHLD_05,Redband Trout,Shields Creek,NF Pit River,SHD05,Plate_2,E6,Plate_2_E6,GGAGAACA,GTGGCC,20090902223,2009,Fin clip,No,Station 1,NA,NA,Redband Trout-Shields Creek,bams/sourced/REDB_SHLD_05_RA.sort.flt.bam,
REDB_SHPN_01_RA.sort.flt.bam,MRRB,MRRB,REDB,SHPN,REDB_SHPN_01,Redband Trout,Sheepheaven Creek,Upper McCloud River,SHP01,Plate_1,A1,Plate_1_A1,ACAAGCTA,GTCCGC,XO20006SHP,2002,Fin clip,No,NA,NA,NA,Redband Trout-Sheepheaven Creek,bams/sourced/REDB_SHPN_01_RA.sort.flt.bam,
REDB_SHPN_02_RA.sort.flt.bam,MRRB,MRRB,REDB,SHPN,REDB_SHPN_02,Redband Trout,Sheepheaven Creek,Upper McCloud River,SHP02,Plate_1,B1,Plate_1_B1,AACAACCA,GTCCGC,XO20011SHP,2002,Fin clip,No,NA,NA,NA,Redband Trout-Sheepheaven Creek,bams/sourced/REDB_SHPN_02_RA.sort.flt.bam,
REDB_SHPN_03_RA.sort.flt.bam,MRRB,MRRB,REDB,SHPN,REDB_SHPN_03,Redband Trout,Sheepheaven Creek,Upper McCloud River,SHP03,Plate_1,C1,Plate_1_C1,AGATCGCA,GTCCGC,XO20038SHP,2002,Fin clip,No,NA,NA,NA,Redband Trout-Sheepheaven Creek,bams/sourced/REDB_SHPN_03_RA.sort.flt.bam,
REDB_SHPN_04_RA.sort.flt.bam,MRRB,MRRB,REDB,SHPN,REDB_SHPN_04,Redband Trout,Sheepheaven Creek,Upper McCloud River,SHP04,Plate_1,D1,Plate_1_D1,CCGAAGTA,GTCCGC,XO20088SHP,2002,Fin clip,No,NA,NA,NA,Redband Trout-Sheepheaven Creek,bams/sourced/REDB_SHPN_04_RA.sort.flt.bam,
REDB_SHPN_05_RA.sort.flt.bam,MRRB,MRRB,REDB,SHPN,REDB_SHPN_05,Redband Trout,Sheepheaven Creek,Upper McCloud River,SHP05,Plate_1,E1,Plate_1_E1,GATAGACA,GTCCGC,XO20059SHP,2002,Fin clip,No,NA,NA,NA,Redband Trout-Sheepheaven Creek,bams/sourced/REDB_SHPN_05_RA.sort.flt.bam,
REDB_SPRC_01_RA.sort.flt.bam,REDB,REDB,REDB,SPRC,REDB_SPRC_01,Redband Trout,Spring Canyon Creek,NF Pit River,SPR01,Plate_3,E6,Plate_3_E6,GGAGAACA,GAGTGG,20090609006,2009,Fin clip,No,Station 2,NA,NA,Redband Trout-Spring Canyon Creek,bams/sourced/REDB_SPRC_01_RA.sort.flt.bam,
REDB_SPRC_02_RA.sort.flt.bam,REDB,REDB,REDB,SPRC,REDB_SPRC_02,Redband Trout,Spring Canyon Creek,NF Pit River,SPR02,Plate_3,F6,Plate_3_F6,TGGCTTCA,GAGTGG,20090609009,2009,Fin clip,No,Station 2,NA,NA,Redband Trout-Spring Canyon Creek,bams/sourced/REDB_SPRC_02_RA.sort.flt.bam,
REDB_SPRC_03_RA.sort.flt.bam,REDB,REDB,REDB,SPRC,REDB_SPRC_03,Redband Trout,Spring Canyon Creek,NF Pit River,SPR03,Plate_3,G6,Plate_3_G6,AGCCATGC,GAGTGG,20090609016,2009,Fin clip,No,Station 2,NA,NA,Redband Trout-Spring Canyon Creek,bams/sourced/REDB_SPRC_03_RA.sort.flt.bam,
REDB_SPRC_04_RA.sort.flt.bam,REDB,REDB,REDB,SPRC,REDB_SPRC_04,Redband Trout,Spring Canyon Creek,NF Pit River,SPR04,Plate_3,H6,Plate_3_H6,CGGATTGC,GAGTGG,20090609023,2009,Fin clip,No,Station 3,NA,NA,Redband Trout-Spring Canyon Creek,bams/sourced/REDB_SPRC_04_RA.sort.flt.bam,
REDB_SPRC_05_RA.sort.flt.bam,REDB,REDB,REDB,SPRC,REDB_SPRC_05,Redband Trout,Spring Canyon Creek,NF Pit River,SPR05,Plate_3,A7,Plate_3_A7,CAGATCTG,GAGTGG,20090609025,2009,Fin clip,No,Station 3,NA,NA,Redband Trout-Spring Canyon Creek,bams/sourced/REDB_SPRC_05_RA.sort.flt.bam,
REDB_SWPC_01_RA.sort.flt.bam,MRRB,MRRB,REDB,SWPC,REDB_SWPC_01,Redband Trout,Swamp Creek,Upper McCloud River,SWC01,Plate_1,A4,Plate_1_A4,ACCACTGT,GTCCGC,SWC003,2007,Fin clip,No,Station 2,NA,NA,Redband Trout-Swamp Creek,bams/sourced/REDB_SWPC_01_RA.sort.flt.bam,
REDB_SWPC_02_RA.sort.flt.bam,MRRB,MRRB,REDB,SWPC,REDB_SWPC_02,Redband Trout,Swamp Creek,Upper McCloud River,SWC02,Plate_1,B4,Plate_1_B4,AAGACGGA,GTCCGC,SWC015,2007,Fin clip,No,Station 3,NA,NA,Redband Trout-Swamp Creek,bams/sourced/REDB_SWPC_02_RA.sort.flt.bam,
REDB_SWPC_03_RA.sort.flt.bam,MRRB,MRRB,REDB,SWPC,REDB_SWPC_03,Redband Trout,Swamp Creek,Upper McCloud River,SWC03,Plate_1,C4,Plate_1_C4,ATCCTGTA,GTCCGC,SWC020,2007,Fin clip,No,Station 3,NA,NA,Redband Trout-Swamp Creek,bams/sourced/REDB_SWPC_03_RA.sort.flt.bam,
REDB_SWPC_04_RA.sort.flt.bam,MRRB,MRRB,REDB,SWPC,REDB_SWPC_04,Redband Trout,Swamp Creek,Upper McCloud River,SWC04,Plate_1,D4,Plate_1_D4,CGAACTTA,GTCCGC,SWC026,2007,Fin clip,No,Station 4,NA,NA,Redband Trout-Swamp Creek,bams/sourced/REDB_SWPC_04_RA.sort.flt.bam,
REDB_SWPC_05_RA.sort.flt.bam,MRRB,MRRB,REDB,SWPC,REDB_SWPC_05,Redband Trout,Swamp Creek,Upper McCloud River,SWC05,Plate_1,E4,Plate_1_E4,GCTAACGA,GTCCGC,SWC029,2007,Fin clip,No,Station 4,NA,NA,Redband Trout-Swamp Creek,bams/sourced/REDB_SWPC_05_RA.sort.flt.bam,
REDB_TATE_01_RA.sort.flt.bam,MRRB,MRRB,REDB,TATE,REDB_TATE_01,Redband Trout,Tate Creek,Upper McCloud River,TAT01,Plate_1,F4,Plate_1_F4,TGAAGAGA,GTCCGC,2.01E+14,2008,Fin clip,No,Station 1,NA,NA,Redband Trout-Tate Creek,bams/sourced/REDB_TATE_01_RA.sort.flt.bam,
REDB_TATE_02_RA.sort.flt.bam,MRRB,MRRB,REDB,TATE,REDB_TATE_02,Redband Trout,Tate Creek,Upper McCloud River,TAT02,Plate_1,G4,Plate_1_G4,AGATGTAC,GTCCGC,2.01E+14,2008,Fin clip,No,Station 1,NA,NA,Redband Trout-Tate Creek,bams/sourced/REDB_TATE_02_RA.sort.flt.bam,
REDB_TATE_03_RA.sort.flt.bam,MRRB,MRRB,REDB,TATE,REDB_TATE_03,Redband Trout,Tate Creek,Upper McCloud River,TAT03,Plate_1,H4,Plate_1_H4,CCTCTATC,GTCCGC,2.01E+14,2008,Fin clip,No,Station 1,NA,NA,Redband Trout-Tate Creek,bams/sourced/REDB_TATE_03_RA.sort.flt.bam,
REDB_TATE_04_RA.sort.flt.bam,MRRB,MRRB,REDB,TATE,REDB_TATE_04,Redband Trout,Tate Creek,Upper McCloud River,TAT04,Plate_1,A5,Plate_1_A5,AACGTGAT,GTCCGC,2.01E+14,2008,Fin clip,No,Station 1,NA,NA,Redband Trout-Tate Creek,bams/sourced/REDB_TATE_04_RA.sort.flt.bam,
REDB_TATE_05_RA.sort.flt.bam,MRRB,MRRB,REDB,TATE,REDB_TATE_05,Redband Trout,Tate Creek,Upper McCloud River,TAT05,Plate_1,B5,Plate_1_B5,AAGGTACA,GTCCGC,2.01E+14,2008,Fin clip,No,Station 1,NA,NA,Redband Trout-Tate Creek,bams/sourced/REDB_TATE_05_RA.sort.flt.bam,
REDB_THMS_01_RA.sort.flt.bam,REDB,REDB,REDB,THMS,REDB_THMS_01,Redband Trout,Thoms Creek,NF Pit River,THM01,Plate_3,B7,Plate_3_B7,ACAGCAGA,GAGTGG,20090617001,2009,Fin clip,No,Station 1,NA,NA,Redband Trout-Thoms Creek,bams/sourced/REDB_THMS_01_RA.sort.flt.bam,
REDB_THMS_02_RA.sort.flt.bam,REDB,REDB,REDB,THMS,REDB_THMS_02,Redband Trout,Thoms Creek,NF Pit River,THM02,Plate_3,C7,Plate_3_C7,CAAGACTA,GAGTGG,20090617003,2009,Fin clip,No,Station 1,NA,NA,Redband Trout-Thoms Creek,bams/sourced/REDB_THMS_02_RA.sort.flt.bam,
REDB_THMS_03_RA.sort.flt.bam,REDB,REDB,REDB,THMS,REDB_THMS_03,Redband Trout,Thoms Creek,NF Pit River,THM03,Plate_3,D7,Plate_3_D7,CTCAATGA,GAGTGG,20090618010,2009,Fin clip,No,Station 2,NA,NA,Redband Trout-Thoms Creek,bams/sourced/REDB_THMS_03_RA.sort.flt.bam,
REDB_THMS_04_RA.sort.flt.bam,REDB,REDB,REDB,THMS,REDB_THMS_04,Redband Trout,Thoms Creek,NF Pit River,THM04,Plate_3,E7,Plate_3_E7,GGTGCGAA,GAGTGG,20090618011,2009,Fin clip,No,Station 2,NA,NA,Redband Trout-Thoms Creek,bams/sourced/REDB_THMS_04_RA.sort.flt.bam,
REDB_TRTC_01_RA.sort.flt.bam,MRRB,MRRB,REDB,TRTC,REDB_TRTC_01,Redband Trout,Trout Creek,Upper McCloud River,TRT01,Plate_1,H5,Plate_1_H5,CGACACAC,GTCCGC,2.01E+14,2007,Fin clip,No,Station 7,NA,NA,Redband Trout-Trout Creek,bams/sourced/REDB_TRTC_01_RA.sort.flt.bam,
REDB_TRTC_02_RA.sort.flt.bam,MRRB,MRRB,REDB,TRTC,REDB_TRTC_02,Redband Trout,Trout Creek,Upper McCloud River,TRT02,Plate_1,A6,Plate_1_A6,CGCTGATC,GTCCGC,2.01E+14,2007,Fin clip,No,Station 8,NA,NA,Redband Trout-Trout Creek,bams/sourced/REDB_TRTC_02_RA.sort.flt.bam,
REDB_TRTC_03_RA.sort.flt.bam,MRRB,MRRB,REDB,TRTC,REDB_TRTC_03,Redband Trout,Trout Creek,Upper McCloud River,TRT03,Plate_1,B6,Plate_1_B6,ACACAGAA,GTCCGC,2.01E+14,2007,Fin clip,No,Station 9,NA,NA,Redband Trout-Trout Creek,bams/sourced/REDB_TRTC_03_RA.sort.flt.bam,
REDB_TRTC_04_RA.sort.flt.bam,MRRB,MRRB,REDB,TRTC,REDB_TRTC_04,Redband Trout,Trout Creek,Upper McCloud River,TRT04,Plate_1,C6,Plate_1_C6,CAACCACA,GTCCGC,XO70078,2007,Fin clip,No,Station 10,NA,NA,Redband Trout-Trout Creek,bams/sourced/REDB_TRTC_04_RA.sort.flt.bam,
REDB_TRTC_05_RA.sort.flt.bam,MRRB,MRRB,REDB,TRTC,REDB_TRTC_05,Redband Trout,Trout Creek,Upper McCloud River,TRT05,Plate_1,D6,Plate_1_D6,CGCATACA,GTCCGC,2.01E+14,2008,Fin clip,No,Station 11,NA,NA,Redband Trout-Trout Creek,bams/sourced/REDB_TRTC_05_RA.sort.flt.bam,
REDB_UPNE_01_RA.sort.flt.bam,REDB,REDB,REDB,UPNE,REDB_UPNE_01,Redband Trout,Upper Pine Creek,Goose Lake,UPC01,Plate_3,H8,Plate_3_H8,GAACAGGC,GAGTGG,XO30008UPC,2003,Fin clip,No,NA,-120.2480349,41.9863532,Redband Trout-Upper Pine Creek,bams/sourced/REDB_UPNE_01_RA.sort.flt.bam,
REDB_UPNE_02_RA.sort.flt.bam,REDB,REDB,REDB,UPNE,REDB_UPNE_02,Redband Trout,Upper Pine Creek,Goose Lake,UPC02,Plate_3,A9,Plate_3_A9,AACGAACG,GAGTGG,XO30025UPC,2003,Fin clip,No,NA,-120.2480349,41.9863532,Redband Trout-Upper Pine Creek,bams/sourced/REDB_UPNE_02_RA.sort.flt.bam,
REDB_UPNE_03_RA.sort.flt.bam,REDB,REDB,REDB,UPNE,REDB_UPNE_03,Redband Trout,Upper Pine Creek,Goose Lake,UPC03,Plate_3,B9,Plate_3_B9,ACGCTCGA,GAGTGG,XO30038UPC,2003,Fin clip,No,NA,-120.2480349,41.9863532,Redband Trout-Upper Pine Creek,bams/sourced/REDB_UPNE_03_RA.sort.flt.bam,
REDB_UPNE_04_RA.sort.flt.bam,REDB,REDB,REDB,UPNE,REDB_UPNE_04,Redband Trout,Upper Pine Creek,Goose Lake,UPC04,Plate_3,C9,Plate_3_C9,CACTTCGA,GAGTGG,XO30046UPC,2003,Fin clip,No,NA,-120.2480349,41.9863532,Redband Trout-Upper Pine Creek,bams/sourced/REDB_UPNE_04_RA.sort.flt.bam,
REDB_UPNE_05_RA.sort.flt.bam,REDB,REDB,REDB,UPNE,REDB_UPNE_05,Redband Trout,Upper Pine Creek,Goose Lake,UPC05,Plate_3,D9,Plate_3_D9,CTGGCATA,GAGTGG,XO30053UPC,2003,Fin clip,No,NA,-120.2480349,41.9863532,Redband Trout-Upper Pine Creek,bams/sourced/REDB_UPNE_05_RA.sort.flt.bam,
REDB_UTMC_01_RA.sort.flt.bam,REDB,REDB,REDB,UTMC,REDB_UTMC_01,Redband Trout,Upper 12 Mile Creek,Warner Valley,UTMC01,Plate_1,B12,Plate_1_B12,AGAGTCAA,GTCCGC,XO20018TWM,2002,Fin clip,No,NA,-120.12742,41.97416,Redband Trout-Upper 12 Mile Creek,bams/sourced/REDB_UTMC_01_RA.sort.flt.bam,
REDB_UTMC_02_RA.sort.flt.bam,REDB,REDB,REDB,UTMC,REDB_UTMC_02,Redband Trout,Upper 12 Mile Creek,Warner Valley,UTMC02,Plate_1,C12,Plate_1_C12,CCAGTTCA,GTCCGC,XO20035TWM,2002,Fin clip,No,NA,-120.12742,41.97416,Redband Trout-Upper 12 Mile Creek,bams/sourced/REDB_UTMC_02_RA.sort.flt.bam,
REDB_UTMC_03_RA.sort.flt.bam,REDB,REDB,REDB,UTMC,REDB_UTMC_03,Redband Trout,Upper 12 Mile Creek,Warner Valley,UTMC03,Plate_1,D12,Plate_1_D12,GAGCTGAA,GTCCGC,XO20053TWM,2002,Fin clip,No,NA,-120.12742,41.97416,Redband Trout-Upper 12 Mile Creek,bams/sourced/REDB_UTMC_03_RA.sort.flt.bam,
REDB_UTMC_04_RA.sort.flt.bam,REDB,REDB,REDB,UTMC,REDB_UTMC_04,Redband Trout,Upper 12 Mile Creek,Warner Valley,UTMC04,Plate_1,E12,Plate_1_E12,TAGGATGA,GTCCGC,XO20065TWM,2002,Fin clip,Yes,NA,-120.12742,41.97416,Redband Trout-Upper 12 Mile Creek,bams/sourced/REDB_UTMC_04_RA.sort.flt.bam,
REDB_UTMC_05_RA.sort.flt.bam,REDB,REDB,REDB,UTMC,REDB_UTMC_05,Redband Trout,Upper 12 Mile Creek,Warner Valley,UTMC05,Plate_1,F12,Plate_1_F12,AATCCGTC,GTCCGC,XO20079TWM,2002,Fin clip,No,NA,-120.12742,41.97416,Redband Trout-Upper 12 Mile Creek,bams/sourced/REDB_UTMC_05_RA.sort.flt.bam,
REDB_WILW_01_RA.sort.flt.bam,REDB,REDB,REDB,WILW,REDB_WILW_01,Redband Trout,Willow Creek,Goose Lake,WIL01,Plate_2,D5,Plate_2_D5,CGACTGGA,GTGGCC,20090819208,2009,Fin clip,No,Station 1,NA,NA,Redband Trout-Willow Creek,bams/sourced/REDB_WILW_01_RA.sort.flt.bam,
REDB_WILW_02_RA.sort.flt.bam,REDB,REDB,REDB,WILW,REDB_WILW_02,Redband Trout,Willow Creek,Goose Lake,WIL02,Plate_2,E5,Plate_2_E5,GCTCGGTA,GTGGCC,20090819215,2009,Fin clip,No,Station 1,NA,NA,Redband Trout-Willow Creek,bams/sourced/REDB_WILW_02_RA.sort.flt.bam,
REDB_WILW_03_RA.sort.flt.bam,REDB,REDB,REDB,WILW,REDB_WILW_03,Redband Trout,Willow Creek,Goose Lake,WIL03,Plate_2,F5,Plate_2_F5,TGGAACAA,GTGGCC,20090819219,2009,Fin clip,No,Station 1,NA,NA,Redband Trout-Willow Creek,bams/sourced/REDB_WILW_03_RA.sort.flt.bam,
REDB_WILW_04_RA.sort.flt.bam,REDB,REDB,REDB,WILW,REDB_WILW_04,Redband Trout,Willow Creek,Goose Lake,WIL04,Plate_2,G5,Plate_2_G5,AGCACCTC,GTGGCC,20090819222,2009,Fin clip,No,Station 1,NA,NA,Redband Trout-Willow Creek,bams/sourced/REDB_WILW_04_RA.sort.flt.bam,
REDB_WILW_05_RA.sort.flt.bam,REDB,REDB,REDB,WILW,REDB_WILW_05,Redband Trout,Willow Creek,Goose Lake,WIL05,Plate_2,H5,Plate_2_H5,CGACACAC,GTGGCC,20090819225,2009,Fin clip,No,Station 1,NA,NA,Redband Trout-Willow Creek,bams/sourced/REDB_WILW_05_RA.sort.flt.bam,
STLH_LSTN_01_RA.sort.flt.bam,CRT,CRT,STLH,LSTN,STLH_LSTN_01,Steelhead Trout,Lower Stanislaus river (Lover's Leap),Stanislaus,STH05,Plate_2,E9,Plate_2_E9,GTCGTAGA,GTGGCC,SH10 or M060004STN,2009,Extract (2009),No,NA,NA,NA,Steelhead Trout-Lower Stanislaus river (Lover's Leap),bams/sourced/STLH_LSTN_01_RA.sort.flt.bam,
STLH_LYBA_01_RA.sort.flt.bam,CRT,CRT,STLH,LYBA,STLH_LYBA_01,Steelhead Trout,Lower Yuba River (UCD Sierra field stn.),Yuba,STH03,Plate_2,A9,Plate_2_A9,AACGAACG,GTGGCC,SH7 or M030018YUB,2009,Extract (2009),No,NA,NA,NA,Steelhead Trout-Lower Yuba River (UCD Sierra field stn.),bams/sourced/STLH_LYBA_01_RA.sort.flt.bam,
STLH_LYBA_02_RA.sort.flt.bam,CRT,CRT,STLH,LYBA,STLH_LYBA_02,Steelhead Trout,Lower Yuba River (UCD Sierra field stn.),Yuba,STH04,Plate_2,D9,Plate_2_D9,CTGGCATA,GTGGCC,SH8 or M030023YUB,2009,Extract (2009),No,NA,NA,NA,Steelhead Trout-Lower Yuba River (UCD Sierra field stn.),bams/sourced/STLH_LYBA_02_RA.sort.flt.bam,
Scott-M021518_M209_2C_RA.sort.flt.bam,CRT,CRT,STLH,SCOT,STLH_SCOT_01,Steelhead Trout,Scott Creek Weir,Scott Creek,M021518_M209_2C,,,,,,,,,,,,,,,2674708
Scott-M021524_M209_3A_RA.sort.flt.bam,CRT,CRT,STLH,SCOT,STLH_SCOT_02,Steelhead Trout,Scott Creek Weir,Scott Creek,M021524_M209_3A,,,,,,,,,,,,,,,2652411
Scott-M021525_M209_3B_RA.sort.flt.bam,CRT,CRT,STLH,SCOT,STLH_SCOT_03,Steelhead Trout,Scott Creek Weir,Scott Creek,M021525_M209_3B,,,,,,,,,,,,,,,4472690
Scott-M021533_M209_4B_RA.sort.flt.bam,CRT,CRT,STLH,SCOT,STLH_SCOT_04,Steelhead Trout,Scott Creek Weir,Scott Creek,M021533_M209_4B,,,,,,,,,,,,,,,3413973
Scott-M021548_M209_6A_RA.sort.flt.bam,CRT,CRT,STLH,SCOT,STLH_SCOT_05,Steelhead Trout,Scott Creek Weir,Scott Creek,M021548_M209_6A,,,,,,,,,,,,,,,3734828
Scott-M021606_M210_1C_RA.sort.flt.bam,CRT,CRT,RAIN,SCOT,RAIN_SCOT_01,Rainbow Trout,Big Creek Above Falls,Scott Creek,M021606_M210_1C,,,,,,,,,,,,,,,1891084
Scott-M021617_M210_2F_RA.sort.flt.bam,CRT,CRT,RAIN,SCOT,RAIN_SCOT_02,Rainbow Trout,Big Creek Above Falls,Scott Creek,M021617_M210_2F,,,,,,,,,,,,,,,914955
Scott-M021627_M210_3H_RA.sort.flt.bam,CRT,CRT,RAIN,SCOT,RAIN_SCOT_03,Rainbow Trout,Big Creek Above Falls,Scott Creek,M021627_M210_3H,,,,,,,,,,,,,,,1049920
Scott-M021631_M210_4D_RA.sort.flt.bam,CRT,CRT,RAIN,SCOT,RAIN_SCOT_04,Rainbow Trout,Big Creek Above Falls,Scott Creek,M021631_M210_4D,,,,,,,,,,,,,,,978366
Scott-M021639_M210_5D_RA.sort.flt.bam,CRT,CRT,RAIN,SCOT,RAIN_SCOT_05,Rainbow Trout,Big Creek Above Falls,Scott Creek,M021639_M210_5D,,,,,,,,,,,,,,,934781
SRR13666249.1_1.sort.flt.bam,CRT,CRT,RAIN,ELWH,RAIN_ELWH_01,Rainbow Trout,Elwha River,Elwha River,SRR13666249.1,,,,,,,,,,,,,,,1999549
SRR13666251.1_1.sort.flt.bam,CRT,CRT,RAIN,ELWH,RAIN_ELWH_02,Rainbow Trout,Elwha River,Elwha River,SRR13666251.1,,,,,,,,,,,,,,,3625387
SRR13666255.1_1.sort.flt.bam,CRT,CRT,RAIN,ELWH,RAIN_ELWH_03,Rainbow Trout,Elwha River,Elwha River,SRR13666255.1,,,,,,,,,,,,,,,3992474
SRR13666261.1_1.sort.flt.bam,CRT,CRT,RAIN,ELWH,RAIN_ELWH_04,Rainbow Trout,Elwha River,Elwha River,SRR13666261.1,,,,,,,,,,,,,,,3309607
SRR13666262.1_1.sort.flt.bam,CRT,CRT,RAIN,ELWH,RAIN_ELWH_05,Rainbow Trout,Elwha River,Elwha River,SRR13666262.1,,,,,,,,,,,,,,,2487652
Ventura-M017341_M165_8B_RA.sort.flt.bam,CRT,CRT,RAIN,MATJ,RAIN_MATJ_01,Rainbow Trout,Ventura River,Matilija Creek,Ventura-M017341_M165_8B,,,,,,,,,,,,,,,2209227
Ventura-M017354_M165_9G_RA.sort.flt.bam,CRT,CRT,RAIN,MATJ,RAIN_MATJ_02,Rainbow Trout,Ventura River,Matilija Creek,Ventura-M017354_M165_9G,,,,,,,,,,,,,,,1981529
Ventura-M017355_M165_9H_RA.sort.flt.bam,CRT,CRT,RAIN,MATJ,RAIN_MATJ_03,Rainbow Trout,Ventura River,Matilija Creek,Ventura-M017355_M165_9H,,,,,,,,,,,,,,,2243558
Ventura-M017356_M165_10A_RA.sort.flt.bam,CRT,CRT,RAIN,MATJ,RAIN_MATJ_04,Rainbow Trout,Ventura River,Matilija Creek,Ventura-M017356_M165_10A,,,,,,,,,,,,,,,2946142
Ventura-M017357_M165_10B_RA.sort.flt.bam,CRT,CRT,RAIN,MATJ,RAIN_MATJ_05,Rainbow Trout,Ventura River,Matilija Creek,Ventura-M017357_M165_10B,,,,,,,,,,,,,,,2364187
San-M067184_M686_3D_RA.sort.flt.bam,CRT,CRT,RAIN,SAGB,RAIN_SAGB_01,Rainbow Trout,San Gabriel River,West Fork San Gabriel River,M067184_M686_3D,,,,,,,,,,,,,,,2145256
San-M067187_M686_3G_RA.sort.flt.bam,CRT,CRT,RAIN,SAGB,RAIN_SAGB_02,Rainbow Trout,San Gabriel River,West Fork San Gabriel River,M067187_M686_3G,,,,,,,,,,,,,,,1912563
San-M067188_M686_3H_RA.sort.flt.bam,CRT,CRT,RAIN,SAGB,RAIN_SAGB_03,Rainbow Trout,San Gabriel River,West Fork San Gabriel River,M067188_M686_3H,,,,,,,,,,,,,,,1804566
San-M067191_M686_4C_RA.sort.flt.bam,CRT,CRT,RAIN,SAGB,RAIN_SAGB_04,Rainbow Trout,San Gabriel River,West Fork San Gabriel River,M067191_M686_4C,,,,,,,,,,,,,,,1867951
San-M067192_M686_4D_RA.sort.flt.bam,CRT,CRT,RAIN,SAGB,RAIN_SAGB_05,Rainbow Trout,San Gabriel River,West Fork San Gabriel River,M067192_M686_4D,,,,,,,,,,,,,,,1637693
San-M057389_M583_3B_RA.sort.flt.bam,CRT,CRT,RAIN,WFSL,RAIN_WFSL_01,Rainbow Trout,San Luis Rey River,West Fork San Luis Rey,M057389_M583_3B,,,,,,,,,,,,,,,1571678
San-M057391_M583_3D_RA.sort.flt.bam,CRT,CRT,RAIN,WFSL,RAIN_WFSL_02,Rainbow Trout,San Luis Rey River,West Fork San Luis Rey,M057391_M583_3D,,,,,,,,,,,,,,,1454349
San-M057392_M583_3E_RA.sort.flt.bam,CRT,CRT,RAIN,WFSL,RAIN_WFSL_03,Rainbow Trout,San Luis Rey River,West Fork San Luis Rey,M057392_M583_3E,,,,,,,,,,,,,,,1439609
San-M057397_M583_4B_RA.sort.flt.bam,CRT,CRT,RAIN,WFSL,RAIN_WFSL_04,Rainbow Trout,San Luis Rey River,West Fork San Luis Rey,M057397_M583_4B,,,,,,,,,,,,,,,1000480
San-M057398_M583_4C_RA.sort.flt.bam,CRT,CRT,RAIN,WFSL,RAIN_WFSL_05,Rainbow Trout,San Luis Rey River,West Fork San Luis Rey,M057398_M583_4C,,,,,,,,,,,,,,,1564479